type,hedge_threshold,hedge_upgrade,hedge_ratio,hedge_profit,hedge_stop,long_trades,long_invested,long_profit,long_return,short_trades,short_invested,short_profit,short_return,total_profit,total_return
롱 온리,-,-,-,-,-,105,384000,14025.137609470941,3.652379585799724,0,0.0,0.0,0.0,14025.137609470941,3.652379585799724
헷징,2,0,0.5,5,-10,105,384000,14025.137609470941,3.652379585799724,64,64000.0,-121.88466841589269,-0.19044479439983233,13903.252941055049,3.1034046743426447
헷징,2,5,0.5,5,-10,105,384000,14025.137609470941,3.652379585799724,82,147000.0,2443.2321229729373,1.6620626686890732,16468.36973244388,3.1013878968820867
헷징,3,0,0.5,12,-10,105,384000,14025.137609470941,3.652379585799724,51,76500.0,-30.08769849909453,-0.039330324835417686,13995.049910971848,3.0390987863131045
헷징,2,0,0.5,5,-12,105,384000,14025.137609470941,3.652379585799724,64,64000.0,-416.8333125806763,-0.6513020509073068,13608.304296890265,3.0375679234130053
헷징,2,0,0.5,12,-10,105,384000,14025.137609470941,3.652379585799724,64,64000.0,-427.31209906042415,-0.6676751547819127,13597.825510410517,3.0352289085737763
헷징,2,5,0.5,5,-12,105,384000,14025.137609470941,3.652379585799724,82,147000.0,2028.283478808154,1.3797846794613293,16053.421088279096,3.0232431428020896
헷징,2,0,0.5,5,-15,105,384000,14025.137609470941,3.652379585799724,64,64000.0,-734.986181921738,-1.1484159092527155,13290.151427549203,2.96655165793509
헷징,3,0,0.5,8,-10,105,384000,14025.137609470941,3.652379585799724,51,76500.0,-445.07734406424237,-0.5818004497571795,13580.060265406699,2.948981599436851
헷징,2,0,0.5,8,-10,105,384000,14025.137609470941,3.652379585799724,64,64000.0,-838.817083360082,-1.3106516927501284,13186.32052611086,2.9433751174354597
헷징,2,0,0.5,12,-12,105,384000,14025.137609470941,3.652379585799724,64,64000.0,-840.7969804769036,-1.313745281995162,13184.340628994038,2.9429331761147406
헷징,3,0,0.5,10,-10,105,384000,14025.137609470941,3.652379585799724,51,76500.0,-486.8571189676527,-0.6364145345982388,13538.280490503288,2.939908901303646
헷징,3,0,0.5,12,-12,105,384000,14025.137609470941,3.652379585799724,51,76500.0,-486.9536551992019,-0.6365407257505907,13538.183954271739,2.9398879379526033
헷징,2,0,0.5,10,-10,105,384000,14025.137609470941,3.652379585799724,64,64000.0,-867.312099060424,-1.3551751547819124,13157.825510410517,2.93701462285949
헷징,2,0,0.5,5,-20,105,384000,14025.137609470941,3.652379585799724,64,64000.0,-879.2831193114338,-1.3738798739241154,13145.854490159507,2.93434252012489
헷징,2,5,0.5,5,-15,105,384000,14025.137609470941,3.652379585799724,82,147000.0,1530.1306094670924,1.0409051765082262,15555.268218938034,2.9294290431145074
헷징,2,5,0.75,5,-10,105,384000,14025.137609470941,3.652379585799724,82,220500.0,3664.8481844594044,1.6620626686890725,17689.985793930347,2.9263830924615957
헷징,4,0,0.5,8,-12,105,384000,14025.137609470941,3.652379585799724,36,72000.0,-728.5450070356744,-1.0118680653273255,13296.592602435267,2.915919430358611
헷징,4,0,0.5,10,-12,105,384000,14025.137609470941,3.652379585799724,36,72000.0,-802.8989649064054,-1.1151374512588963,13222.238644564535,2.8996137378430995
헷징,4,0,0.5,8,-15,105,384000,14025.137609470941,3.652379585799724,36,72000.0,-834.8338009890018,-1.1594913902625026,13190.30380848194,2.892610484316215
헷징,4,0,0.5,10,-15,105,384000,14025.137609470941,3.652379585799724,36,72000.0,-847.3670082624909,-1.1768986225867928,13177.77060120845,2.889861973949222
헷징,2,0,0.75,5,-10,105,384000,14025.137609470941,3.652379585799724,64,96000.0,-182.82700262383918,-0.19044479439983247,13842.310606847102,2.883814709759813
헷징,2,0,0.5,12,-15,105,384000,14025.137609470941,3.652379585799724,64,64000.0,-1133.6587080697532,-1.7713417313589892,12891.478901401188,2.8775622547770507
헷징,2,0,0.5,8,-12,105,384000,14025.137609470941,3.652379585799724,64,64000.0,-1232.3019647765618,-1.9254718199633778,12792.83564469438,2.85554367069071
헷징,2,5,0.5,5,-20,105,384000,14025.137609470941,3.652379585799724,82,147000.0,1085.8336720773966,0.7386623619574126,15110.971281548338,2.845757303493096
헷징,2,0,0.5,10,-12,105,384000,14025.137609470941,3.652379585799724,64,64000.0,-1280.7969804769032,-2.0012452819951614,12744.340628994038,2.8447188904004546
헷징,3,0,0.5,10,-12,105,384000,14025.137609470941,3.652379585799724,51,76500.0,-943.72307566776,-1.2336249355134117,13081.414533803181,2.8406980529431447
헷징,3,0,0.5,8,-12,105,384000,14025.137609470941,3.652379585799724,51,76500.0,-945.2140929316427,-1.2355739776884218,13079.923516539298,2.840374270692573
헷징,3,0,0.5,5,-10,105,384000,14025.137609470941,3.652379585799724,51,76500.0,-950.5879358069801,-1.2425986088980132,13074.549673663962,2.839207312413455
헷징,2,0,0.5,8,-15,105,384000,14025.137609470941,3.652379585799724,64,64000.0,-1356.0817175746379,-2.1188776837103718,12669.055891896303,2.827914261583996
헷징,2,5,0.75,5,-12,105,384000,14025.137609470941,3.652379585799724,82,220500.0,3042.425218212231,1.3797846794613293,17067.56282768317,2.8234181683512274
헷징,4,0,0.5,8,-20,105,384000,14025.137609470941,3.652379585799724,36,72000.0,-1169.3945438431651,-1.6241590886710626,12855.743065627776,2.8192419003569684
헷징,4,0,0.5,10,-20,105,384000,14025.137609470941,3.652379585799724,36,72000.0,-1181.9277511166547,-1.6415663209953537,12843.209858354287,2.8164933899899753
헷징,3,0,0.5,12,-15,105,384000,14025.137609470941,3.652379585799724,51,76500.0,-1082.4099090354111,-1.4149149137717794,12942.727700435531,2.8105814767503867
헷징,2,0,0.5,12,-20,105,384000,14025.137609470941,3.652379585799724,64,64000.0,-1449.6730515293475,-2.2651141430146056,12575.464557941594,2.8070233388262484
헷징,3,0,0.75,12,-10,105,384000,14025.137609470941,3.652379585799724,51,114750.0,-45.13154774864131,-0.03933032483541726,13980.0060617223,2.80300873417991
헷징,2,0,0.75,5,-12,105,384000,14025.137609470941,3.652379585799724,64,96000.0,-625.2499688710141,-0.6513020509073063,13399.887640599927,2.7916432584583184
헷징,2,5,1.0,5,-10,105,384000,14025.137609470941,3.652379585799724,82,294000.0,4886.464245945875,1.6620626686890732,18911.601855416815,2.789321807583601
헷징,2,0,0.75,12,-10,105,384000,14025.137609470941,3.652379585799724,64,96000.0,-640.9681485906365,-0.667675154781913,13384.169460880305,2.788368637683397
헷징,2,0,0.5,10,-15,105,384000,14025.137609470941,3.652379585799724,64,64000.0,-1573.6587080697536,-2.4588417313589903,12451.478901401188,2.779347969062765
헷징,3,0,0.5,5,-12,105,384000,14025.137609470941,3.652379585799724,51,76500.0,-1235.5879358069808,-1.6151476285058572,12789.54967366396,2.7773180615991224
헷징,2,0,0.5,8,-20,105,384000,14025.137609470941,3.652379585799724,64,64000.0,-1622.0960610342322,-2.534525095365988,12403.04154843671,2.768536059918908
헷징,4,0,0.5,12,-12,105,384000,14025.137609470941,3.652379585799724,36,72000.0,-1472.9502038597411,-2.0457641720274182,12552.1874056112,2.7526726766691225
헷징,4,0,0.5,12,-15,105,384000,14025.137609470941,3.652379585799724,36,72000.0,-1537.4182472158259,-2.1353031211330915,12487.719362255115,2.7385349478629637
헷징,4,0,0.5,10,-10,105,384000,14025.137609470941,3.652379585799724,36,72000.0,-1537.708054951645,-2.135705631877285,12487.429554519296,2.7384713935349336
헷징,3,0,0.5,8,-15,105,384000,14025.137609470941,3.652379585799724,51,76500.0,-1495.670346767852,-1.9551246362978458,12529.467262703089,2.7208397964610396
헷징,4,0,0.5,5,-12,105,384000,14025.137609470941,3.652379585799724,36,72000.0,-1643.0488369694003,-2.2820122735686112,12382.088772501542,2.7153703448468294
헷징,3,0,0.5,10,-15,105,384000,14025.137609470941,3.652379585799724,51,76500.0,-1539.1793295039688,-2.0119991235345998,12485.958279966973,2.711391591740928
헷징,3,0,0.5,12,-20,105,384000,14025.137609470941,3.652379585799724,51,76500.0,-1540.5348928004164,-2.013771101699891,12484.602716670524,2.711097224032687
헷징,2,0,0.5,10,-20,105,384000,14025.137609470941,3.652379585799724,64,64000.0,-1889.673051529348,-2.9526141430146065,12135.464557941594,2.708809053111963
헷징,4,0,0.5,8,-10,105,384000,14025.137609470941,3.652379585799724,36,72000.0,-1697.7080549516454,-2.3579278540995072,12327.429554519296,2.703383674236688
헷징,2,5,0.75,5,-15,105,384000,14025.137609470941,3.652379585799724,82,220500.0,2295.195914200639,1.0409051765082262,16320.33352367158,2.699807034519699
헷징,2,0,0.75,5,-15,105,384000,14025.137609470941,3.652379585799724,64,96000.0,-1102.479272882607,-1.1484159092527155,12922.658336588334,2.6922204867892363
헷징,2,0,1.0,5,-10,105,384000,14025.137609470941,3.652379585799724,64,128000.0,-243.76933683178538,-0.19044479439983233,13781.368272639156,2.691673490749835
헷징,4,0,0.5,5,-10,105,384000,14025.137609470941,3.652379585799724,36,72000.0,-1772.2118848853715,-2.461405395674127,12252.92572458557,2.687045115040695
헷징,2,5,1.25,5,-10,105,384000,14025.137609470941,3.652379585799724,82,367500.0,6108.080307432344,1.6620626686890732,20133.217916903286,2.6790709137595856
헷징,4,0,0.5,5,-15,105,384000,14025.137609470941,3.652379585799724,36,72000.0,-1809.3376309227278,-2.512968931837122,12215.799978548213,2.678903504067591
헷징,3,0,0.75,8,-10,105,384000,14025.137609470941,3.652379585799724,51,114750.0,-667.6160160963638,-0.5818004497571797,13357.521593374577,2.6781998182204667
헷징,3,0,0.5,5,-15,105,384000,14025.137609470941,3.652379585799724,51,76500.0,-1696.0441896431905,-2.2170512282917523,12329.09341982775,2.677327561308958
헷징,4,0,0.5,12,-20,105,384000,14025.137609470941,3.652379585799724,36,72000.0,-1818.380151895074,-2.5255279887431583,12206.757457575866,2.6769204950824266
헷징,2,5,1.0,5,-12,105,384000,14025.137609470941,3.652379585799724,82,294000.0,4056.566957616308,1.3797846794613293,18081.70456708725,2.6669180777414825
헷징,3,0,0.75,10,-10,105,384000,14025.137609470941,3.652379585799724,51,114750.0,-730.2856784514789,-0.6364145345982387,13294.851931019462,2.6656344723848546
헷징,3,0,0.75,12,-12,105,384000,14025.137609470941,3.652379585799724,51,114750.0,-730.4304827988026,-0.6365407257505905,13294.70712667214,2.6656054389317574
헷징,2,0,0.75,8,-10,105,384000,14025.137609470941,3.652379585799724,64,96000.0,-1258.225625040123,-1.3106516927501284,12766.911984430819,2.6597733300897537
헷징,2,0,0.75,12,-12,105,384000,14025.137609470941,3.652379585799724,64,96000.0,-1261.1954707153552,-1.3137452819951616,12763.942138755587,2.6591546122407475
헷징,2,0,0.75,10,-10,105,384000,14025.137609470941,3.652379585799724,64,96000.0,-1300.9681485906353,-1.355175154781912,12724.169460880306,2.650868637683397
헷징,2,0,0.75,5,-20,105,384000,14025.137609470941,3.652379585799724,64,96000.0,-1318.9246789671506,-1.3738798739241154,12706.21293050379,2.6471276938549564
헷징,3,0,0.5,8,-20,105,384000,14025.137609470941,3.652379585799724,51,76500.0,-1878.795330532857,-2.4559416085396824,12146.342278938084,2.6376421886944805
헷징,4,0,0.75,8,-12,105,384000,14025.137609470941,3.652379585799724,36,108000.0,-1092.8175105535104,-1.0118680653273244,12932.320098917431,2.628520345308421
헷징,3,0,0.5,5,-20,105,384000,14025.137609470941,3.652379585799724,51,76500.0,-1929.169173408198,-2.5217897691610434,12095.968436062743,2.626703243444678
헷징,3,0,0.5,10,-20,105,384000,14025.137609470941,3.652379585799724,51,76500.0,-1997.3043132689736,-2.6108553114627107,12027.833296201967,2.6119073390232286
헷징,4,0,0.75,10,-12,105,384000,14025.137609470941,3.652379585799724,36,108000.0,-1204.3484473596077,-1.1151374512588959,12820.789162111334,2.605851455713686
헷징,4,0,0.5,5,-20,105,384000,14025.137609470941,3.652379585799724,36,72000.0,-2143.8983737768917,-2.9776366302456827,11881.239235694049,2.605534920108344
헷징,3,0,1.0,12,-10,105,384000,14025.137609470941,3.652379585799724,51,153000.0,-60.17539699818906,-0.039330324835417686,13964.962212472752,2.6005516224344047
헷징,4,0,0.75,8,-15,105,384000,14025.137609470941,3.652379585799724,36,108000.0,-1252.2507014835026,-1.1594913902625024,12772.886907987438,2.596115225200699
헷징,4,0,0.75,10,-15,105,384000,14025.137609470941,3.652379585799724,36,108000.0,-1271.050512393736,-1.1768986225867926,12754.087097077205,2.592294125422196
헷징,2,5,0.75,5,-20,105,384000,14025.137609470941,3.652379585799724,82,220500.0,1628.7505081160962,0.7386623619574133,15653.888117587037,2.5895596555148117
헷징,2,0,1.0,5,-12,105,384000,14025.137609470941,3.652379585799724,64,128000.0,-833.6666251613526,-0.6513020509073068,13191.470984309588,2.5764591766229663
헷징,4,0,0.5,12,-10,105,384000,14025.137609470941,3.652379585799724,36,72000.0,-2287.759293904981,-3.1774434637569184,11737.37831556596,2.5739864727118333
헷징,2,0,1.0,12,-10,105,384000,14025.137609470941,3.652379585799724,64,128000.0,-854.6241981208483,-0.6676751547819127,13170.513411350094,2.572365900654315
헷징,2,0,0.75,12,-15,105,384000,14025.137609470941,3.652379585799724,64,96000.0,-1700.4880621046298,-1.7713417313589892,12324.64954736631,2.5676353223679813
헷징,2,5,0.5,10,-10,105,384000,14025.137609470941,3.652379585799724,82,147000.0,-396.7298486380722,-0.26988425077419875,13628.40776083287,2.56655513386683
헷징,2,5,1.25,5,-12,105,384000,14025.137609470941,3.652379585799724,82,367500.0,5070.708697020385,1.3797846794613293,19095.846306491327,2.5410307793068965
헷징,2,0,0.75,8,-12,105,384000,14025.137609470941,3.652379585799724,64,96000.0,-1848.452947164843,-1.9254718199633782,12176.6846623061,2.536809304647104
헷징,3,0,0.75,10,-12,105,384000,14025.137609470941,3.652379585799724,51,114750.0,-1415.584613501641,-1.2336249355134126,12609.552995969301,2.528231177136702
헷징,3,0,0.75,8,-12,105,384000,14025.137609470941,3.652379585799724,51,114750.0,-1417.8211393974634,-1.2355739776884211,12607.316470073478,2.5277827508919253
헷징,3,0,0.75,5,-10,105,384000,14025.137609470941,3.652379585799724,51,114750.0,-1425.8819037104704,-1.2425986088980134,12599.255705760472,2.526166557545959
헷징,2,0,1.25,5,-10,105,384000,14025.137609470941,3.652379585799724,64,160000.0,-304.71167103973204,-0.19044479439983253,13720.42593843121,2.522137121035149
헷징,2,0,0.75,10,-12,105,384000,14025.137609470941,3.652379585799724,64,96000.0,-1921.195470715355,-2.0012452819951614,12103.942138755587,2.5216546122407473
헷징,2,5,1.0,5,-15,105,384000,14025.137609470941,3.652379585799724,82,294000.0,3060.261218934185,1.0409051765082262,17085.398828405127,2.5199703286733226
헷징,2,0,0.75,8,-15,105,384000,14025.137609470941,3.652379585799724,64,96000.0,-2034.1225763619573,-2.118877683710372,11991.015033108984,2.498128131897705
헷징,4,0,0.75,8,-20,105,384000,14025.137609470941,3.652379585799724,36,108000.0,-1754.0918157647473,-1.6241590886710622,12271.045793706195,2.4941149987207716
헷징,4,0,0.75,10,-20,105,384000,14025.137609470941,3.652379585799724,36,108000.0,-1772.8916266749816,-1.6415663209953535,12252.24598279596,2.490293898942268
헷징,3,0,0.75,12,-15,105,384000,14025.137609470941,3.652379585799724,51,114750.0,-1623.6148635531142,-1.4149149137717771,12401.522745917828,2.486520851311845
헷징,2,5,0.5,12,-10,105,384000,14025.137609470941,3.652379585799724,82,147000.0,-906.7298486380719,-0.6168230262844027,13118.40776083287,2.4705099361267173
헷징,2,0,0.75,12,-20,105,384000,14025.137609470941,3.652379585799724,64,96000.0,-2174.5095772940217,-2.265114143014606,11850.628032176919,2.4688808400368583
헷징,2,5,0.5,8,-10,105,384000,14025.137609470941,3.652379585799724,82,147000.0,-953.0327892745718,-0.6483216253568516,13072.10482019637,2.4617899849710674
헷징,2,0,1.0,5,-15,105,384000,14025.137609470941,3.652379585799724,64,128000.0,-1469.972363843476,-1.1484159092527155,12555.165245627466,2.4521807120366144
헷징,3,0,1.0,8,-10,105,384000,14025.137609470941,3.652379585799724,51,153000.0,-890.1546881284847,-0.5818004497571795,13134.982921342456,2.4459930952220588
헷징,3,0,0.75,5,-12,105,384000,14025.137609470941,3.652379585799724,51,114750.0,-1853.3819037104718,-1.615147628505858,12171.75570576047,2.4404522718316732
헷징,3,0,1.0,10,-10,105,384000,14025.137609470941,3.652379585799724,51,153000.0,-973.7142379353054,-0.6364145345982388,13051.423371535635,2.4304326576416453
헷징,3,0,1.0,12,-12,105,384000,14025.137609470941,3.652379585799724,51,153000.0,-973.9073103984038,-0.6365407257505907,13051.230299072537,2.4303967037379026
헷징,2,0,0.75,10,-15,105,384000,14025.137609470941,3.652379585799724,64,96000.0,-2360.4880621046304,-2.4588417313589903,11664.64954736631,2.4301353223679816
헷징,3,0,1.25,12,-10,105,384000,14025.137609470941,3.652379585799724,51,191250.0,-75.21924624773595,-0.03933032483541749,13949.918363223205,2.4250184029940383
헷징,2,5,0.5,10,-12,105,384000,14025.137609470941,3.652379585799724,82,147000.0,-1161.102573724241,-0.7898656964110483,12864.0350357467,2.4226054681255556
헷징,2,0,0.75,8,-20,105,384000,14025.137609470941,3.652379585799724,64,96000.0,-2433.144091551348,-2.5345250953659875,11591.993517919593,2.414998649566582
헷징,2,0,1.0,8,-10,105,384000,14025.137609470941,3.652379585799724,64,128000.0,-1677.634166720164,-1.3106516927501284,12347.503442750778,2.4116217661622614
헷징,2,0,1.0,12,-12,105,384000,14025.137609470941,3.652379585799724,64,128000.0,-1681.5939609538073,-1.313745281995162,12343.543648517134,2.4108483688510027
헷징,4,0,0.75,12,-12,105,384000,14025.137609470941,3.652379585799724,36,108000.0,-2209.4253057896103,-2.045764172027417,11815.712303681332,2.4015675413986446
헷징,2,0,1.0,10,-10,105,384000,14025.137609470941,3.652379585799724,64,128000.0,-1734.624198120848,-1.3551751547819124,12290.513411350094,2.400490900654315
헷징,2,0,1.0,5,-20,105,384000,14025.137609470941,3.652379585799724,64,128000.0,-1758.5662386228676,-1.3738798739241154,12266.571370848074,2.395814720868765
헷징,2,5,1.0,5,-20,105,384000,14025.137609470941,3.652379585799724,82,294000.0,2171.667344154793,0.7386623619574126,16196.804953625735,2.388909285195536
헷징,2,0,1.25,5,-12,105,384000,14025.137609470941,3.652379585799724,64,160000.0,-1042.0832814516898,-0.6513020509073061,12983.05432801925,2.3865908691211857
헷징,4,0,0.75,12,-15,105,384000,14025.137609470941,3.652379585799724,36,108000.0,-2306.1273708237386,-2.135303121133091,11719.010238647203,2.3819126501315453
헷징,4,0,0.75,10,-10,105,384000,14025.137609470941,3.652379585799724,36,108000.0,-2306.5620824274665,-2.1357056318772836,11718.575527043475,2.3818242941145273
헷징,2,0,1.25,12,-10,105,384000,14025.137609470941,3.652379585799724,64,160000.0,-1068.280247651061,-0.6676751547819131,12956.85736181988,2.381775250334537
헷징,4,0,1.0,8,-12,105,384000,14025.137609470941,3.652379585799724,36,144000.0,-1457.0900140713488,-1.0118680653273255,12568.047595399592,2.3803120445832557
헷징,2,5,1.25,5,-15,105,384000,14025.137609470941,3.652379585799724,82,367500.0,3825.326523667731,1.0409051765082262,17850.464133138674,2.3753112618947005
헷징,3,0,0.75,8,-15,105,384000,14025.137609470941,3.652379585799724,51,114750.0,-2243.505520151776,-1.955124636297844,11781.632089319166,2.3622319978584794
헷징,3,5,0.5,12,-12,105,384000,14025.137609470941,3.652379585799724,68,164500.0,-1101.8748182563177,-0.6698327162652387,12923.262791214624,2.3561098981248176
헷징,4,0,1.0,10,-12,105,384000,14025.137609470941,3.652379585799724,36,144000.0,-1605.7979298128107,-1.1151374512588963,12419.339679658131,2.3521476666019185
헷징,4,0,0.75,5,-12,105,384000,14025.137609470941,3.652379585799724,36,108000.0,-2464.573255454101,-2.282012273568612,11560.56435401684,2.349708202035943
헷징,3,0,0.75,10,-15,105,384000,14025.137609470941,3.652379585799724,51,114750.0,-2308.768994255952,-2.0119991235345984,11716.36861521499,2.34914658951679
헷징,3,0,0.75,12,-20,105,384000,14025.137609470941,3.652379585799724,51,114750.0,-2310.802339200624,-2.01377110169989,11714.335270270318,2.348738901307332
헷징,3,5,0.5,12,-10,105,384000,14025.137609470941,3.652379585799724,68,164500.0,-1156.7530018999194,-0.703193314224875,12868.384607571023,2.3461047598124014
헷징,4,0,1.0,8,-15,105,384000,14025.137609470941,3.652379585799724,36,144000.0,-1669.6676019780036,-1.1594913902625026,12355.470007492937,2.340051137782753
헷징,4,0,1.0,10,-15,105,384000,14025.137609470941,3.652379585799724,36,144000.0,-1694.7340165249818,-1.1768986225867928,12330.403592945959,2.3353037107852197
헷징,4,0,0.75,8,-10,105,384000,14025.137609470941,3.652379585799724,36,108000.0,-2546.562082427468,-2.3579278540995072,11478.575527043473,2.333043806309649
헷징,2,0,0.75,10,-20,105,384000,14025.137609470941,3.652379585799724,64,96000.0,-2834.5095772940217,-2.952614143014606,11190.628032176919,2.331380840036858
헷징,2,5,0.5,10,-15,105,384000,14025.137609470941,3.652379585799724,82,147000.0,-1649.4470384391145,-1.122072815264704,12375.690571031826,2.3306385256180464
헷징,2,5,0.5,12,-12,105,384000,14025.137609470941,3.652379585799724,82,147000.0,-1651.4215465914858,-1.1234160180894461,12373.716062879455,2.330266678508372
헷징,2,5,0.5,8,-12,105,384000,14025.137609470941,3.652379585799724,82,147000.0,-1717.4055143607407,-1.168303070993701,12307.732095110201,2.317840319229793
헷징,4,0,0.75,5,-10,105,384000,14025.137609470941,3.652379585799724,36,108000.0,-2658.3178273280564,-2.4614053956741264,11366.819782142884,2.3103292240127815
헷징,3,0,0.75,5,-15,105,384000,14025.137609470941,3.652379585799724,51,114750.0,-2544.066284464786,-2.2170512282917523,11481.071325006156,2.3019691879711592
헷징,4,0,0.75,5,-15,105,384000,14025.137609470941,3.652379585799724,36,108000.0,-2714.0064463840918,-2.512968931837122,11311.13116308685,2.2990103990013924
헷징,2,0,1.0,12,-15,105,384000,14025.137609470941,3.652379585799724,64,128000.0,-2267.3174161395063,-1.7713417313589892,11757.820193331434,2.2964492565100456
헷징,4,0,0.75,12,-20,105,384000,14025.137609470941,3.652379585799724,36,108000.0,-2727.5702278426124,-2.5255279887431596,11297.567381628329,2.2962535328512863
헷징,3,5,0.5,10,-10,105,384000,14025.137609470941,3.652379585799724,68,164500.0,-1532.8165692388507,-0.9318033855555322,12492.321040232091,2.2775425779821497
헷징,3,5,0.5,10,-12,105,384000,14025.137609470941,3.652379585799724,68,164500.0,-1537.673027426285,-0.9347556397728176,12487.464582044657,2.2766571708376766
헷징,3,0,1.0,10,-12,105,384000,14025.137609470941,3.652379585799724,51,153000.0,-1887.44615133552,-1.2336249355134117,12137.691458135421,2.2602777389451436
헷징,3,0,1.0,8,-12,105,384000,14025.137609470941,3.652379585799724,51,153000.0,-1890.4281858632853,-1.2355739776884218,12134.709423607655,2.2597224252528223
헷징,2,0,1.0,8,-12,105,384000,14025.137609470941,3.652379585799724,64,128000.0,-2464.6039295531236,-1.9254718199633778,11560.533679917819,2.257916734358949
헷징,3,0,1.0,5,-10,105,384000,14025.137609470941,3.652379585799724,51,153000.0,-1901.1758716139602,-1.2425986088980132,12123.961737856982,2.2577209940143357
헷징,3,0,0.75,8,-20,105,384000,14025.137609470941,3.652379585799724,51,114750.0,-2818.1929957992847,-2.455941608539682,11206.944613671656,2.2470064388314097
헷징,3,0,1.25,8,-10,105,384000,14025.137609470941,3.652379585799724,51,191250.0,-1112.693360160606,-0.5818004497571796,12912.444249310334,2.24466653616868
헷징,2,5,0.5,8,-15,105,384000,14025.137609470941,3.652379585799724,82,147000.0,-2126.039029832927,-1.4462850543081136,11899.098579638014,2.240884854922413
헷징,2,0,1.25,5,-15,105,384000,14025.137609470941,3.652379585799724,64,160000.0,-1837.4654548043452,-1.1484159092527157,12187.672154666596,2.2403809107843005
헷징,2,0,1.0,10,-12,105,384000,14025.137609470941,3.652379585799724,64,128000.0,-2561.5939609538063,-2.0012452819951614,11463.543648517134,2.2389733688510027
헷징,3,5,0.5,8,-10,105,384000,14025.137609470941,3.652379585799724,69,168500.0,-1661.0686108651025,-0.9857973951721676,12364.068998605839,2.2378405427340886
헷징,3,0,0.75,5,-20,105,384000,14025.137609470941,3.652379585799724,51,114750.0,-2893.7537601122954,-2.5217897691610416,11131.383849358646,2.2318564108989767
헷징,2,5,1.25,5,-20,105,384000,14025.137609470941,3.652379585799724,82,367500.0,2714.5841801934916,0.7386623619574126,16739.721789664432,2.227507889509572
헷징,3,0,1.25,10,-10,105,384000,14025.137609470941,3.652379585799724,51,191250.0,-1217.1427974191324,-0.6364145345982392,12807.99481205181,2.2265093110911445
헷징,3,0,1.25,12,-12,105,384000,14025.137609470941,3.652379585799724,51,191250.0,-1217.3841379980056,-0.6365407257505912,12807.753471472935,2.226467357057442
헷징,2,5,0.75,10,-10,105,384000,14025.137609470941,3.652379585799724,82,220500.0,-595.0947729571077,-0.26988425077419853,13430.042836513834,2.2216778885878963
헷징,2,5,0.5,12,-15,105,384000,14025.137609470941,3.652379585799724,82,147000.0,-2244.7660113063585,-1.5270517083716724,11780.371598164584,2.218525724701428
헷징,3,5,0.5,8,-12,105,384000,14025.137609470941,3.652379585799724,69,168500.0,-1789.195861219831,-1.0618373063619175,12235.94174825111,2.2146500901811965
헷징,4,0,1.0,8,-20,105,384000,14025.137609470941,3.652379585799724,36,144000.0,-2338.7890876863303,-1.6241590886710626,11686.34852178461,2.2133235836713276
헷징,3,0,0.75,10,-20,105,384000,14025.137609470941,3.652379585799724,51,114750.0,-2995.956469903461,-2.610855311462711,11029.181139567481,2.211364639512277
헷징,2,0,1.0,8,-15,105,384000,14025.137609470941,3.652379585799724,64,128000.0,-2712.1634351492758,-2.1188776837103718,11312.974174321665,2.2095652684222
헷징,3,0,1.0,12,-15,105,384000,14025.137609470941,3.652379585799724,51,153000.0,-2164.8198180708223,-1.4149149137717794,11860.317791400119,2.2086252870391285
헷징,4,0,1.0,10,-20,105,384000,14025.137609470941,3.652379585799724,36,144000.0,-2363.8555022333094,-1.6415663209953537,11661.282107237632,2.208576156673794
헷징,4,0,0.75,5,-20,105,384000,14025.137609470941,3.652379585799724,36,108000.0,-3215.847560665337,-2.9776366302456823,10809.290048805604,2.197010172521464
헷징,2,0,1.25,8,-10,105,384000,14025.137609470941,3.652379585799724,64,160000.0,-2097.042708400206,-1.3106516927501286,11928.094901070735,2.192664503873297
헷징,2,0,1.25,12,-12,105,384000,14025.137609470941,3.652379585799724,64,160000.0,-2101.9924511922586,-1.3137452819951616,11923.145158278683,2.1917546246835817
헷징,4,3,0.5,5,-12,105,384000,14025.137609470941,3.652379585799724,62,200500.0,-1219.5954511547066,-0.6082770329948661,12805.542158316235,2.190854090387722
헷징,4,3,0.5,10,-12,105,384000,14025.137609470941,3.652379585799724,62,200500.0,-1244.0066034789988,-0.6204521713112213,12781.131005991941,2.1866776742501184
헷징,4,3,0.5,8,-12,105,384000,14025.137609470941,3.652379585799724,62,200500.0,-1248.3932047354601,-0.6226400023618255,12776.74440473548,2.185927186438919
헷징,2,0,1.25,10,-10,105,384000,14025.137609470941,3.652379585799724,64,160000.0,-2168.28024765106,-1.3551751547819126,11856.85736181988,2.1795693679815957
헷징,2,0,1.25,5,-20,105,384000,14025.137609470941,3.652379585799724,64,160000.0,-2198.207798278587,-1.3738798739241167,11826.929811192354,2.1740679799985942
헷징,2,0,1.0,12,-20,105,384000,14025.137609470941,3.652379585799724,64,128000.0,-2899.346103058695,-2.2651141430146056,11125.791506412246,2.173006153596142
헷징,2,5,0.5,10,-20,105,384000,14025.137609470941,3.652379585799724,82,147000.0,-2515.4613818987077,-1.711198218978713,11509.676227572234,2.167547312160496
헷징,4,0,1.25,8,-12,105,384000,14025.137609470941,3.652379585799724,36,180000.0,-1821.3625175891846,-1.0118680653273249,12203.775091881756,2.163789909908113
헷징,4,0,0.75,12,-10,105,384000,14025.137609470941,3.652379585799724,36,108000.0,-3431.6389408574705,-3.1774434637569167,10593.49866861347,2.153150135897047
헷징,3,0,1.0,5,-12,105,384000,14025.137609470941,3.652379585799724,51,153000.0,-2471.1758716139616,-1.6151476285058572,11553.96173785698,2.151575742617687
헷징,4,0,1.25,10,-12,105,384000,14025.137609470941,3.652379585799724,36,180000.0,-2007.2474122660121,-1.1151374512588956,12017.89019720493,2.1308315952491013
헷징,2,0,1.0,10,-15,105,384000,14025.137609470941,3.652379585799724,64,128000.0,-3147.3174161395073,-2.4588417313589903,10877.820193331434,2.1245742565100456
헷징,4,0,1.25,8,-15,105,384000,14025.137609470941,3.652379585799724,36,180000.0,-2087.084502472505,-1.1594913902625026,11938.053106998435,2.116676082801141
헷징,4,5,0.5,5,-12,105,384000,14025.137609470941,3.652379585799724,53,168500.0,-2335.220126682653,-1.3858873155386662,11689.917482788289,2.1158221688304595
헷징,4,0,1.25,10,-15,105,384000,14025.137609470941,3.652379585799724,36,180000.0,-2118.417520656227,-1.1768986225867928,11906.720088814714,2.1111205831231765
헷징,4,3,0.5,5,-10,105,384000,14025.137609470941,3.652379585799724,62,200500.0,-1689.610895347968,-0.8426987009216798,12335.526714122974,2.110440840739602
헷징,2,0,1.0,8,-20,105,384000,14025.137609470941,3.652379585799724,64,128000.0,-3244.1921220684644,-2.534525095365988,10780.945487402478,2.1056534155082964
헷징,3,5,0.5,12,-15,105,384000,14025.137609470941,3.652379585799724,68,164500.0,-2508.139857171829,-1.5247050803476165,11516.997752299112,2.0997261171010235
헷징,4,0,1.0,12,-12,105,384000,14025.137609470941,3.652379585799724,36,144000.0,-2945.9004077194822,-2.0457641720274182,11079.237201751459,2.0983403791195947
헷징,2,5,0.75,12,-10,105,384000,14025.137609470941,3.652379585799724,82,220500.0,-1360.094772957107,-0.6168230262844022,12665.042836513834,2.095127020101544
헷징,3,5,0.5,5,-10,105,384000,14025.137609470941,3.652379585799724,69,168500.0,-2503.160557285983,-1.4855552268759544,11521.977052184959,2.0854257108027072
헷징,2,5,0.75,8,-10,105,384000,14025.137609470941,3.652379585799724,82,220500.0,-1429.5491839118572,-0.6483216253568513,12595.588425559084,2.0836374566681695
헷징,4,5,0.5,10,-12,105,384000,14025.137609470941,3.652379585799724,52,164000.0,-2636.1553421466183,-1.6074117939918406,11388.982267324323,2.0782814356431247
헷징,2,5,0.5,8,-20,105,384000,14025.137609470941,3.652379585799724,82,147000.0,-2992.0533732925214,-2.0354104580221235,11033.08423617842,2.0777936414648623
헷징,2,5,0.5,12,-20,105,384000,14025.137609470941,3.652379585799724,82,147000.0,-2993.9324097403487,-2.0366887141090806,11031.205199730593,2.0774397739605637
헷징,4,0,1.0,12,-15,105,384000,14025.137609470941,3.652379585799724,36,144000.0,-3074.8364944316518,-2.1353031211330915,10950.301115039289,2.073920665727138
헷징,4,0,1.0,10,-10,105,384000,14025.137609470941,3.652379585799724,36,144000.0,-3075.41610990329,-2.135705631877285,10949.721499567651,2.0738108900696313
헷징,2,0,1.25,12,-15,105,384000,14025.137609470941,3.652379585799724,64,160000.0,-2834.146770174383,-1.7713417313589896,11190.990839296559,2.0571674336942203
헷징,3,0,1.0,8,-15,105,384000,14025.137609470941,3.652379585799724,51,153000.0,-2991.340693535704,-1.9551246362978458,11033.796915935238,2.054710785090361
헷징,4,3,0.5,10,-15,105,384000,14025.137609470941,3.652379585799724,62,200500.0,-2058.3775452571435,-1.026622217085857,11966.760064213799,2.0473498826713086
헷징,4,3,0.5,8,-15,105,384000,14025.137609470941,3.652379585799724,62,200500.0,-2084.5848971108458,-1.0396932155166314,11940.552712360095,2.0428661612249948
헷징,4,3,0.5,10,-10,105,384000,14025.137609470941,3.652379585799724,62,200500.0,-2099.6680898015284,-1.0472160048885428,11925.469519669412,2.040285632107684
헷징,3,0,1.0,10,-15,105,384000,14025.137609470941,3.652379585799724,51,153000.0,-3078.3586590079376,-2.0119991235345998,10946.778950463004,2.0385063222463695
헷징,3,0,1.0,12,-20,105,384000,14025.137609470941,3.652379585799724,51,153000.0,-3081.069785600833,-2.013771101699891,10944.067823870108,2.0380014569590514
헷징,4,0,1.0,5,-12,105,384000,14025.137609470941,3.652379585799724,36,144000.0,-3286.0976739388007,-2.2820122735686112,10739.03993553214,2.033909078699269
헷징,2,5,0.75,10,-12,105,384000,14025.137609470941,3.652379585799724,82,220500.0,-1741.653860586362,-0.7898656964110486,12283.483748884579,2.0320072372017504
헷징,3,0,1.25,10,-12,105,384000,14025.137609470941,3.652379585799724,51,191250.0,-2359.307689169402,-1.2336249355134128,11665.82992030154,2.0279582651545485
헷징,3,0,1.25,8,-12,105,384000,14025.137609470941,3.652379585799724,51,191250.0,-2363.035232329105,-1.235573977688421,11662.102377141837,2.027310278512271
헷징,4,3,0.5,5,-15,105,384000,14025.137609470941,3.652379585799724,62,200500.0,-2182.631808178226,-1.088594418044003,11842.505801292715,2.0260916683135526
헷징,3,0,1.25,5,-10,105,384000,14025.137609470941,3.652379585799724,51,191250.0,-2376.46983951745,-1.242598608898013,11648.667769953492,2.0249748404960437
헷징,4,5,0.5,8,-12,105,384000,14025.137609470941,3.652379585799724,52,164000.0,-2943.679997446269,-1.7949268277111396,11081.457612024671,2.022163797814721
헷징,3,5,0.5,10,-15,105,384000,14025.137609470941,3.652379585799724,68,164500.0,-2943.9380663417965,-1.7896280038551953,11081.199543129145,2.0202733898138825
헷징,4,0,1.0,8,-10,105,384000,14025.137609470941,3.652379585799724,36,144000.0,-3395.416109903291,-2.3579278540995072,10629.721499567651,2.0132048294635703
헷징,2,0,1.25,8,-12,105,384000,14025.137609470941,3.652379585799724,64,160000.0,-3080.754911941405,-1.9254718199633782,10944.382697529536,2.0118350546929293
헷징,2,0,1.0,10,-20,105,384000,14025.137609470941,3.652379585799724,64,128000.0,-3779.346103058696,-2.9526141430146065,10245.791506412246,2.001131153596142
헷징,4,3,0.5,8,-10,105,384000,14025.137609470941,3.652379585799724,62,200500.0,-2338.4086489287206,-1.166288602956968,11686.728960542221,1.9994403696393876
헷징,2,0,1.25,10,-12,105,384000,14025.137609470941,3.652379585799724,64,160000.0,-3201.9924511922586,-2.001245281995162,10823.145158278683,1.9895487423306404
헷징,4,0,1.0,5,-10,105,384000,14025.137609470941,3.652379585799724,36,144000.0,-3544.423769770743,-2.461405395674127,10480.713839700198,1.984983681761401
헷징,3,0,1.0,5,-15,105,384000,14025.137609470941,3.652379585799724,51,153000.0,-3392.088379286381,-2.2170512282917523,10633.04923018456,1.9800836555278514
헷징,4,0,1.0,5,-15,105,384000,14025.137609470941,3.652379585799724,36,144000.0,-3618.6752618454557,-2.512968931837122,10406.462347625486,1.9709208991714935
헷징,4,0,1.25,8,-20,105,384000,14025.137609470941,3.652379585799724,36,180000.0,-2923.4863596079126,-1.6241590886710626,11101.651249863029,1.9683778811813883
헷징,3,5,0.5,8,-15,105,384000,14025.137609470941,3.652379585799724,69,168500.0,-3150.460900135342,-1.869709733018007,10874.6767093356,1.9682672777078007
헷징,3,0,1.25,12,-15,105,384000,14025.137609470941,3.652379585799724,51,191250.0,-2706.024772588527,-1.414914913771779,11319.112836882414,1.9676858473502676
헷징,4,0,1.0,12,-20,105,384000,14025.137609470941,3.652379585799724,36,144000.0,-3636.760303790148,-2.5255279887431583,10388.377305680793,1.9674957018334838
헷징,4,0,1.25,10,-20,105,384000,14025.137609470941,3.652379585799724,36,180000.0,-2954.819377791634,-1.6415663209953524,11070.318231679306,1.9628223815034231
헷징,3,5,0.75,12,-12,105,384000,14025.137609470941,3.652379585799724,68,246750.0,-1652.8122273844763,-0.6698327162652385,12372.325382086465,1.9615260217338826
헷징,2,0,1.25,8,-15,105,384000,14025.137609470941,3.652379585799724,64,160000.0,-3390.2042939365947,-2.1188776837103718,10634.933315534347,1.9549509771202844
헷징,2,5,1.0,10,-10,105,384000,14025.137609470941,3.652379585799724,82,294000.0,-793.4596972761444,-0.26988425077419875,13231.677912194797,1.9515749133030673
헷징,3,5,0.75,12,-10,105,384000,14025.137609470941,3.652379585799724,68,246750.0,-1735.1295028498791,-0.7031933142248751,12290.008106621062,1.9484753240778536
헷징,4,5,0.5,5,-15,105,384000,14025.137609470941,3.652379585799724,53,168500.0,-3281.508920635974,-1.9474830389531004,10743.628688834968,1.9445481789746546
헷징,3,5,0.5,5,-12,105,384000,14025.137609470941,3.652379585799724,69,168500.0,-3283.141542516373,-1.948451954015652,10741.996066954569,1.9442526818017318
헷징,4,5,0.5,12,-12,105,384000,14025.137609470941,3.652379585799724,52,164000.0,-3500.3497268121973,-2.1343595895196326,10524.787882658744,1.9205817304121793
헷징,2,3,0.5,12,-12,105,384000,14025.137609470941,3.652379585799724,113,251000.0,-1871.691814477659,-0.7456939499910992,12153.445794993282,1.9139284716524854
헷징,3,0,1.0,8,-20,105,384000,14025.137609470941,3.652379585799724,51,153000.0,-3757.590661065714,-2.4559416085396824,10267.546948405226,1.912019915904139
헷징,2,0,1.25,12,-20,105,384000,14025.137609470941,3.652379585799724,64,160000.0,-3624.18262882337,-2.2651141430146065,10400.954980647572,1.9119402537955095
헷징,4,3,0.5,12,-12,105,384000,14025.137609470941,3.652379585799724,62,200500.0,-2852.9426361398055,-1.4229140329874341,11172.194973331136,1.9114106027940354
헷징,2,5,0.75,10,-15,105,384000,14025.137609470941,3.652379585799724,82,220500.0,-2474.170557658672,-1.122072815264704,11550.96705181227,1.910829950672005
헷징,2,5,0.75,12,-12,105,384000,14025.137609470941,3.652379585799724,82,220500.0,-2477.132319887229,-1.1234160180894464,11548.005289583713,1.9103399982768756
헷징,3,0,1.25,5,-12,105,384000,14025.137609470941,3.652379585799724,51,191250.0,-3088.969839517452,-1.6151476285058572,10936.167769953488,1.9011156488402414
헷징,2,5,0.75,8,-12,105,384000,14025.137609470941,3.652379585799724,82,220500.0,-2576.1082715411103,-1.168303070993701,11449.029337929831,1.8939668052820233
헷징,3,0,1.0,5,-20,105,384000,14025.137609470941,3.652379585799724,51,153000.0,-3858.338346816396,-2.5217897691610434,10166.799262654546,1.8932587081293382
헷징,4,5,0.5,10,-15,105,384000,14025.137609470941,3.652379585799724,52,164000.0,-3730.623385502694,-2.274770357013838,10294.514223968246,1.8785609897752273
헷징,2,3,0.5,10,-12,105,384000,14025.137609470941,3.652379585799724,113,251000.0,-2114.813981236308,-0.8425553710104813,11910.323628234633,1.8756415162574227
헷징,3,0,1.0,10,-20,105,384000,14025.137609470941,3.652379585799724,51,153000.0,-3994.608626537947,-2.6108553114627107,10030.528982932994,1.867882492166293
헷징,3,5,0.75,10,-10,105,384000,14025.137609470941,3.652379585799724,68,246750.0,-2299.224853858276,-0.9318033855555324,11725.912755612666,1.85904284670831
헷징,3,5,0.75,10,-12,105,384000,14025.137609470941,3.652379585799724,68,246750.0,-2306.5095411394263,-0.9347556397728172,11718.628068331514,1.8578879220501807
헷징,2,0,1.25,10,-15,105,384000,14025.137609470941,3.652379585799724,64,160000.0,-3934.1467701743823,-2.458841731358989,10090.990839296559,1.8549615513412794
헷징,4,0,1.0,5,-20,105,384000,14025.137609470941,3.652379585799724,36,144000.0,-4287.7967475537835,-2.9776366302456827,9737.340861917157,1.8441933450600676
헷징,4,5,0.5,10,-20,105,384000,14025.137609470941,3.652379585799724,52,164000.0,-3933.55483318582,-2.3985090446255,10091.582776285122,1.8415297037016647
헷징,4,0,1.25,12,-12,105,384000,14025.137609470941,3.652379585799724,36,180000.0,-3682.3755096493514,-2.045764172027418,10342.76209982159,1.8338230673442535
헷징,2,0,1.25,8,-20,105,384000,14025.137609470941,3.652379585799724,64,160000.0,-4055.240152585581,-2.5345250953659884,9969.89745688536,1.832701738398044
헷징,3,5,0.5,12,-20,105,384000,14025.137609470941,3.652379585799724,68,164500.0,-4015.2155507507878,-2.440860517173731,10009.922058720153,1.8249630006782411
헷징,3,3,0.5,5,-15,105,384000,14025.137609470941,3.652379585799724,86,240000.0,-2650.0231918420677,-1.104176329934195,11375.114417628873,1.8229350028251399
헷징,3,5,0.75,8,-10,105,384000,14025.137609470941,3.652379585799724,69,252750.0,-2491.6029162976565,-0.9857973951721688,11533.534693173286,1.8113128689710698
헷징,4,5,0.5,8,-15,105,384000,14025.137609470941,3.652379585799724,52,164000.0,-4099.968791399587,-2.4999809703656015,9925.168818071354,1.8111621930787143
헷징,4,0,1.25,12,-15,105,384000,14025.137609470941,3.652379585799724,36,180000.0,-3843.5456180395668,-2.135303121133093,10181.591991431374,1.8052468069913785
헷징,4,0,1.25,10,-10,105,384000,14025.137609470941,3.652379585799724,36,180000.0,-3844.2701373791115,-2.135705631877284,10180.86747209183,1.8051183461155726
헷징,2,5,1.0,12,-10,105,384000,14025.137609470941,3.652379585799724,82,294000.0,-1813.4596972761437,-0.6168230262844027,12211.677912194798,1.8011324354269616
헷징,4,3,0.5,10,-20,105,384000,14025.137609470941,3.652379585799724,62,200500.0,-3542.938288111306,-1.7670515152674842,10482.199321359636,1.7933617316269694
헷징,2,5,0.75,8,-15,105,384000,14025.137609470941,3.652379585799724,82,220500.0,-3189.0585447493895,-1.4462850543081132,10836.07906472155,1.7925689106239124
헷징,4,0,1.0,12,-10,105,384000,14025.137609470941,3.652379585799724,36,144000.0,-4575.518587809962,-3.1774434637569184,9449.61902166098,1.7897005722842765
헷징,4,3,0.5,8,-20,105,384000,14025.137609470941,3.652379585799724,62,200500.0,-3569.1456399650106,-1.7801225136982595,10455.99196950593,1.7888780101806552
헷징,4,5,0.5,5,-10,105,384000,14025.137609470941,3.652379585799724,53,168500.0,-4141.636696316229,-2.4579446268939047,9883.500913154712,1.7888689435574139
헷징,3,0,1.25,8,-15,105,384000,14025.137609470941,3.652379585799724,51,191250.0,-3739.175866919628,-1.9551246362978447,10285.961742551313,1.7880854832770645
헷징,2,5,1.0,8,-10,105,384000,14025.137609470941,3.652379585799724,82,294000.0,-1906.0655785491435,-0.6483216253568516,12119.072030921798,1.7874737508734215
헷징,3,5,0.75,8,-12,105,384000,14025.137609470941,3.652379585799724,69,252750.0,-2683.7937918297444,-1.0618373063619166,11341.343817641196,1.7811297711254332
헷징,4,3,0.75,5,-12,105,384000,14025.137609470941,3.652379585799724,62,300750.0,-1829.3931767320596,-0.6082770329948661,12195.744432738882,1.7810506656062626
헷징,4,3,0.75,10,-12,105,384000,14025.137609470941,3.652379585799724,62,300750.0,-1866.0099052184974,-0.6204521713112211,12159.127704252443,1.7757032061704918
헷징,4,3,0.75,8,-12,105,384000,14025.137609470941,3.652379585799724,62,300750.0,-1872.5898071031877,-0.6226400023618247,12152.547802367753,1.7747422858514426
헷징,2,3,0.5,12,-15,105,384000,14025.137609470941,3.652379585799724,113,251000.0,-2765.7218713641796,-1.1018812236510676,11259.415738106762,1.7731363367097261
헷징,4,3,0.5,5,-20,105,384000,14025.137609470941,3.652379585799724,62,200500.0,-3667.1925510323917,-1.8290237162256318,10357.945058438549,1.7721035172692128
헷징,3,0,1.25,10,-15,105,384000,14025.137609470941,3.652379585799724,51,191250.0,-3847.9483237599215,-2.0119991235345998,10177.18928571102,1.7691767554473743
헷징,3,0,1.25,12,-20,105,384000,14025.137609470941,3.652379585799724,51,191250.0,-3851.337232001043,-2.013771101699892,10173.8003774699,1.768587636239878
헷징,2,5,0.75,12,-15,105,384000,14025.137609470941,3.652379585799724,82,220500.0,-3367.149016959538,-1.5270517083716728,10657.988592511403,1.7631081211764106
헷징,4,0,1.25,5,-12,105,384000,14025.137609470941,3.652379585799724,36,180000.0,-4107.622092423501,-2.2820122735686117,9917.515517047439,1.7584247370651487
헷징,4,5,0.5,8,-20,105,384000,14025.137609470941,3.652379585799724,52,164000.0,-4392.90023908271,-2.67859770675775,9632.237370388231,1.7577075493409182
헷징,3,3,0.5,10,-15,105,384000,14025.137609470941,3.652379585799724,86,240000.0,-3063.245899463602,-1.2763524581098342,10961.89171000734,1.7567134150652788
헷징,3,3,0.5,10,-20,105,384000,14025.137609470941,3.652379585799724,86,240000.0,-3096.7631888401875,-1.290317995350078,10928.374420630753,1.7513420545882614
헷징,4,3,0.5,12,-10,105,384000,14025.137609470941,3.652379585799724,62,200500.0,-3808.2851495950895,-1.8993940895736108,10216.852459875852,1.7479644927075881
헷징,3,3,0.5,5,-10,105,384000,14025.137609470941,3.652379585799724,86,240000.0,-3122.8468296330507,-1.301186179013771,10902.290779837891,1.7471619839483798
헷징,3,3,0.5,10,-12,105,384000,14025.137609470941,3.652379585799724,86,240000.0,-3127.8961443775906,-1.3032900601573294,10897.24146509335,1.746352798893165
헷징,3,5,0.5,10,-20,105,384000,14025.137609470941,3.652379585799724,68,164500.0,-4451.013759920754,-2.7057834406813095,9574.123849550188,1.7455102733911008
헷징,4,5,0.5,5,-20,105,384000,14025.137609470941,3.652379585799724,53,168500.0,-4384.440368319097,-2.602041761613707,9640.697241151844,1.744922577584044
헷징,4,3,0.5,12,-15,105,384000,14025.137609470941,3.652379585799724,62,200500.0,-3832.3135779179484,-1.911378343101221,10192.824031552993,1.7438535554410595
헷징,3,3,0.5,5,-12,105,384000,14025.137609470941,3.652379585799724,86,240000.0,-3183.9079571836987,-1.3266283154932077,10841.229652287242,1.737376546840904
헷징,2,5,1.25,10,-10,105,384000,14025.137609470941,3.652379585799724,82,367500.0,-991.8246215951806,-0.2698842507741988,13033.31298787576,1.7343064521458098
헷징,4,0,1.25,8,-10,105,384000,14025.137609470941,3.652379585799724,36,180000.0,-4244.270137379111,-2.357927854099506,9780.867472091832,1.7341963602999702
헷징,2,3,0.5,10,-15,105,384000,14025.137609470941,3.652379585799724,113,251000.0,-3058.84403812283,-1.21866296339555,10966.293571348111,1.7269753655666316
헷징,2,5,1.0,10,-12,105,384000,14025.137609470941,3.652379585799724,82,294000.0,-2322.205147448482,-0.7898656964110483,11702.93246202246,1.726096233336646
헷징,2,3,0.5,5,-12,105,384000,14025.137609470941,3.652379585799724,113,251000.0,-3120.58455944759,-1.2432607806564104,10904.55305002335,1.7172524488225749
헷징,4,5,0.5,12,-15,105,384000,14025.137609470941,3.652379585799724,52,164000.0,-4614.8177701682735,-2.8139132744928497,9410.319839302669,1.7172116495077863
헷징,2,0,1.25,10,-20,105,384000,14025.137609470941,3.652379585799724,64,160000.0,-4724.18262882337,-2.952614143014606,9300.954980647572,1.7097343714425683
헷징,3,5,0.5,8,-20,105,384000,14025.137609470941,3.652379585799724,69,168500.0,-4582.5365937143,-2.719606287070801,9442.601015756642,1.7090680571505232
헷징,4,5,0.5,12,-20,105,384000,14025.137609470941,3.652379585799724,52,164000.0,-4674.150379676483,-2.8500916949246844,9350.987229794458,1.7063845309843901
헷징,3,5,0.5,5,-15,105,384000,14025.137609470941,3.652379585799724,69,168500.0,-4599.406581431886,-2.7296181492177363,9425.731028039056,1.7060146657084263
헷징,4,0,1.25,5,-10,105,384000,14025.137609470941,3.652379585799724,36,180000.0,-4430.529712213429,-2.461405395674127,9594.607897257512,1.7011716129889207
헷징,3,0,1.25,5,-15,105,384000,14025.137609470941,3.652379585799724,51,191250.0,-4240.11047410798,-2.217051228291754,9785.027135362961,1.7010042825489722
헷징,3,3,0.5,5,-20,105,384000,14025.137609470941,3.652379585799724,86,240000.0,-3433.5404812186534,-1.430641867174439,10591.597128252288,1.6973713346558155
헷징,3,3,0.5,12,-20,105,384000,14025.137609470941,3.652379585799724,86,240000.0,-3442.3401995929926,-1.43430841649708,10582.797409877949,1.6959611233778764
헷징,2,5,0.75,10,-20,105,384000,14025.137609470941,3.652379585799724,82,220500.0,-3773.192072848064,-1.7111982189787138,10251.945536622878,1.6959380540319071
헷징,2,3,0.5,8,-12,105,384000,14025.137609470941,3.652379585799724,113,251000.0,-3276.693488074012,-1.3054555729378534,10748.44412139693,1.6926683655743198
헷징,4,0,1.25,5,-15,105,384000,14025.137609470941,3.652379585799724,36,180000.0,-4523.3440773068205,-2.5129689318371224,9501.79353216412,1.6847151652773265
헷징,4,0,1.25,12,-20,105,384000,14025.137609470941,3.652379585799724,36,180000.0,-4545.950379737687,-2.5255279887431596,9479.187229733254,1.6807069556264636
헷징,2,3,0.5,12,-10,105,384000,14025.137609470941,3.652379585799724,113,251000.0,-3364.8552007661897,-1.34057976126143,10660.282408704752,1.6787846312920869
헷징,4,3,0.75,5,-10,105,384000,14025.137609470941,3.652379585799724,62,300750.0,-2534.4163430219514,-0.8426987009216796,11490.721266448989,1.6780899987512217
헷징,3,3,0.5,12,-12,105,384000,14025.137609470941,3.652379585799724,86,240000.0,-3608.7388660749994,-1.5036411941979164,10416.398743395941,1.669294670416016
헷징,3,3,0.5,8,-15,105,384000,14025.137609470941,3.652379585799724,86,240000.0,-3633.1101434312927,-1.513795893096372,10392.027466039648,1.6653890169935335
헷징,3,3,0.5,12,-15,105,384000,14025.137609470941,3.652379585799724,86,240000.0,-3634.088621161011,-1.514203592150421,10391.04898830993,1.665232209665053
헷징,3,5,1.0,12,-12,105,384000,14025.137609470941,3.652379585799724,68,329000.0,-2203.7496365126353,-0.6698327162652387,11821.387972958306,1.6579786778342647
헷징,3,3,0.5,8,-20,105,384000,14025.137609470941,3.652379585799724,86,240000.0,-3681.6274328078753,-1.5340114303366146,10343.510176663065,1.6576138103626705
헷징,4,5,0.75,5,-12,105,384000,14025.137609470941,3.652379585799724,53,252750.0,-3502.8301900239753,-1.3858873155386648,10522.307419446966,1.6525021467525665
헷징,2,3,0.5,10,-10,105,384000,14025.137609470941,3.652379585799724,113,251000.0,-3548.242725693804,-1.4136425201967346,10476.894883777137,1.6499047061066356
헷징,3,3,0.5,10,-10,105,384000,14025.137609470941,3.652379585799724,86,240000.0,-3730.2824802557716,-1.5542843667732382,10294.85512921517,1.6498165271178156
헷징,3,3,0.5,8,-12,105,384000,14025.137609470941,3.652379585799724,86,240000.0,-3742.7603883452803,-1.5594834951438667,10282.377221125662,1.6478168623598817
헷징,3,5,1.0,12,-10,105,384000,14025.137609470941,3.652379585799724,68,329000.0,-2313.5060037998387,-0.703193314224875,11711.631605671102,1.642585077934236
헷징,3,5,0.75,12,-15,105,384000,14025.137609470941,3.652379585799724,68,246750.0,-3762.209785757744,-1.5247050803476168,10262.927823713197,1.6270991397087906
헷징,3,0,1.25,8,-20,105,384000,14025.137609470941,3.652379585799724,51,191250.0,-4696.988326332143,-2.4559416085396824,9328.149283138799,1.6215817962866228
헷징,2,3,0.5,5,-10,105,384000,14025.137609470941,3.652379585799724,113,251000.0,-3758.8706816767512,-1.497558040508666,10266.26692779419,1.6167349492589276
헷징,3,5,0.75,5,-10,105,384000,14025.137609470941,3.652379585799724,69,252750.0,-3754.7408359289757,-1.4855552268759546,10270.396773541965,1.6129402078589656
헷징,3,0,1.25,5,-20,105,384000,14025.137609470941,3.652379585799724,51,191250.0,-4822.922933520495,-2.521789769161043,9202.214675950447,1.5996896437984263
헷징,4,5,0.75,10,-12,105,384000,14025.137609470941,3.652379585799724,52,246000.0,-3954.2330132199268,-1.6074117939918402,10070.904596251014,1.5985562851192083
헷징,4,3,0.75,10,-15,105,384000,14025.137609470941,3.652379585799724,62,300750.0,-3087.566317885715,-1.026622217085857,10937.571291585227,1.5973086953757178
헷징,4,3,0.75,8,-15,105,384000,14025.137609470941,3.652379585799724,62,300750.0,-3126.877345666269,-1.0396932155166314,10898.260263804672,1.5915677639729349
헷징,4,3,0.75,10,-10,105,384000,14025.137609470941,3.652379585799724,62,300750.0,-3149.5021347022926,-1.0472160048885428,10875.63547476865,1.5882636691885579
헷징,3,3,0.5,8,-10,105,384000,14025.137609470941,3.652379585799724,86,240000.0,-4151.8759320561685,-1.7299483050234037,9873.261677414772,1.582253473944675
헷징,2,5,1.0,10,-15,105,384000,14025.137609470941,3.652379585799724,82,294000.0,-3298.894076878229,-1.122072815264704,10726.243532592713,1.5820418189664769
헷징,2,5,1.0,12,-12,105,384000,14025.137609470941,3.652379585799724,82,294000.0,-3302.8430931829716,-1.1234160180894461,10722.29451628797,1.5814593681840663
헷징,4,5,0.5,10,-10,105,384000,14025.137609470941,3.652379585799724,52,164000.0,-5375.771350392045,-3.2779093599951494,8649.366259078895,1.5783515071311853
헷징,2,5,0.75,8,-20,105,384000,14025.137609470941,3.652379585799724,82,220500.0,-4488.080059938783,-2.0354104580221235,9537.057549532157,1.5776770139838143
헷징,2,5,0.75,12,-20,105,384000,14025.137609470941,3.652379585799724,82,220500.0,-4490.898614610524,-2.0366887141090815,9534.238994860418,1.5772107518379517
헷징,4,3,0.75,5,-15,105,384000,14025.137609470941,3.652379585799724,62,300750.0,-3273.9477122673397,-1.0885944180440033,10751.189897203602,1.5700897987884048
헷징,3,0,1.25,10,-20,105,384000,14025.137609470941,3.652379585799724,51,191250.0,-4993.260783172436,-2.6108553114627115,9031.876826298505,1.5700785443369847
헷징,3,3,0.5,12,-10,105,384000,14025.137609470941,3.652379585799724,86,240000.0,-4258.466498959019,-1.7743610412329247,9766.671110511921,1.5651716523256285
헷징,2,5,1.25,12,-10,105,384000,14025.137609470941,3.652379585799724,82,367500.0,-2266.824621595178,-0.6168230262844022,11758.312987875763,1.5646457735030954
헷징,2,5,1.0,8,-12,105,384000,14025.137609470941,3.652379585799724,82,294000.0,-3434.8110287214813,-1.168303070993701,10590.32658074946,1.561995070907
헷징,2,5,1.25,8,-10,105,384000,14025.137609470941,3.652379585799724,82,367500.0,-2382.581973186431,-0.6483216253568519,11642.555636284511,1.5492422669706603
헷징,2,3,0.5,8,-15,105,384000,14025.137609470941,3.652379585799724,113,251000.0,-4212.980453273633,-1.6784782682365071,9812.157156197307,1.5452215994011507
헷징,3,5,1.0,10,-10,105,384000,14025.137609470941,3.652379585799724,68,329000.0,-3065.6331384777013,-0.9318033855555322,10959.50447099324,1.537097401261324
헷징,4,0,1.25,5,-20,105,384000,14025.137609470941,3.652379585799724,36,180000.0,-5359.7459344422305,-2.9776366302456836,8665.39167502871,1.5364169636575726
헷징,4,3,0.75,8,-10,105,384000,14025.137609470941,3.652379585799724,62,300750.0,-3507.612973393079,-1.1662886029569672,10517.524636077862,1.535965627758724
헷징,3,5,1.0,10,-12,105,384000,14025.137609470941,3.652379585799724,68,329000.0,-3075.34605485257,-0.9347556397728176,10949.791554618372,1.5357351409001925
헷징,2,3,0.5,5,-15,105,384000,14025.137609470941,3.652379585799724,113,251000.0,-4274.546213867951,-1.703006459708347,9750.59139560299,1.535526204031967
헷징,4,5,0.75,8,-12,105,384000,14025.137609470941,3.652379585799724,52,246000.0,-4415.5199961694025,-1.7949268277111394,9609.61761330154,1.5253361290954826
헷징,3,5,0.75,10,-15,105,384000,14025.137609470941,3.652379585799724,68,246750.0,-4415.907099512697,-1.7896280038551962,9609.230509958245,1.5234610400250883
헷징,4,3,0.5,12,-20,105,384000,14025.137609470941,3.652379585799724,62,200500.0,-5146.427537571593,-2.5667967768436872,8878.710071899348,1.5190265306927884
헷징,2,3,0.5,12,-20,105,384000,14025.137609470941,3.652379585799724,113,251000.0,-4471.99022990736,-1.7816694143057212,9553.147379563581,1.5044326581989893
헷징,3,5,1.0,8,-10,105,384000,14025.137609470941,3.652379585799724,69,337000.0,-3322.137221730205,-0.9857973951721676,10703.000387740736,1.4844660731956638
헷징,4,5,0.5,8,-10,105,384000,14025.137609470941,3.652379585799724,52,164000.0,-5905.771350392045,-3.6010800917024666,8119.366259078896,1.4816361786640322
헷징,2,5,1.25,10,-12,105,384000,14025.137609470941,3.652379585799724,82,367500.0,-2902.756434310603,-0.7898656964110484,11122.381175160339,1.480024108471103
헷징,2,3,0.5,8,-10,105,384000,14025.137609470941,3.652379585799724,113,251000.0,-4630.122232531508,-1.8446702121639476,9395.015376939433,1.479529980620383
헷징,4,3,1.0,5,-12,105,384000,14025.137609470941,3.652379585799724,62,401000.0,-2439.190902309413,-0.6082770329948661,11585.946707161529,1.4759167779823603
헷징,2,3,0.75,12,-12,105,384000,14025.137609470941,3.652379585799724,113,376500.0,-2807.537721716488,-0.7456939499910991,11217.599887754453,1.4750295710393757
헷징,4,0,1.25,12,-10,105,384000,14025.137609470941,3.652379585799724,36,180000.0,-5719.398234762451,-3.1774434637569167,8305.73937470849,1.4726488253029237
헷징,4,3,1.0,10,-12,105,384000,14025.137609470941,3.652379585799724,62,401000.0,-2488.0132069579977,-0.6204521713112213,11537.124402512944,1.4696973761162986
헷징,4,3,1.0,8,-12,105,384000,14025.137609470941,3.652379585799724,62,401000.0,-2496.7864094709203,-0.6226400023618255,11528.351200000021,1.4685797707006396
헷징,3,5,0.75,8,-15,105,384000,14025.137609470941,3.652379585799724,69,252750.0,-4725.691350203015,-1.8697097330180077,9299.446259267927,1.4604548502972794
헷징,3,5,0.5,5,-20,105,384000,14025.137609470941,3.652379585799724,69,168500.0,-5956.482275010846,-3.5350043175138555,8068.655334460095,1.4603901057846325
헷징,2,3,0.5,10,-20,105,384000,14025.137609470941,3.652379585799724,113,251000.0,-4765.112396666008,-1.8984511540502025,9260.025212804932,1.458271687055895
헷징,3,5,1.0,8,-12,105,384000,14025.137609470941,3.652379585799724,69,337000.0,-3578.391722439662,-1.0618373063619175,10446.74588703128,1.448924533568832
헷징,2,5,1.0,8,-15,105,384000,14025.137609470941,3.652379585799724,82,294000.0,-4252.078059665854,-1.4462850543081136,9773.059549805086,1.441454210885706
헷징,4,5,0.75,5,-15,105,384000,14025.137609470941,3.652379585799724,53,252750.0,-4922.263380953959,-1.9474830389530997,9102.874228516983,1.429583702947308
헷징,3,5,0.75,5,-12,105,384000,14025.137609470941,3.652379585799724,69,252750.0,-4924.712313774561,-1.9484519540156522,9100.42529569638,1.429199104153338
헷징,2,3,0.75,10,-12,105,384000,14025.137609470941,3.652379585799724,113,376500.0,-3172.2209718544627,-0.8425553710104814,10852.91663761648,1.4270764809489125
헷징,4,3,0.75,12,-12,105,384000,14025.137609470941,3.652379585799724,62,300750.0,-4279.413954209707,-1.422914032987434,9745.723655261234,1.4232528156642912
헷징,3,5,1.25,12,-12,105,384000,14025.137609470941,3.652379585799724,68,411250.0,-2754.687045640794,-0.6698327162652387,11270.450563830147,1.4172210705853692
헷징,2,5,1.0,12,-15,105,384000,14025.137609470941,3.652379585799724,82,294000.0,-4489.532022612717,-1.5270517083716724,9535.605586858224,1.4064315024864638
헷징,4,5,0.5,12,-10,105,384000,14025.137609470941,3.652379585799724,52,164000.0,-6327.3070320634615,-3.8581140439411348,7697.83057740748,1.4047136090159635
헷징,3,5,1.25,12,-10,105,384000,14025.137609470941,3.652379585799724,68,411250.0,-2891.882504749799,-0.7031933142248752,11133.255104721142,1.3999692052462926
헷징,4,5,0.75,12,-12,105,384000,14025.137609470941,3.652379585799724,52,246000.0,-5250.524590218296,-2.1343595895196326,8774.613019252645,1.3927957173416896
헷징,4,3,1.0,5,-10,105,384000,14025.137609470941,3.652379585799724,62,401000.0,-3379.221790695936,-0.8426987009216798,10645.915818775005,1.3561676202261155
헷징,3,3,0.75,5,-15,105,384000,14025.137609470941,3.652379585799724,86,360000.0,-3975.0347877631034,-1.1041763299341953,10050.102821707838,1.3508202717349245
헷징,4,5,0.75,10,-15,105,384000,14025.137609470941,3.652379585799724,52,246000.0,-5595.9350782540405,-2.2747703570138373,8429.2025312169,1.3379686557487143
헷징,2,5,1.0,10,-20,105,384000,14025.137609470941,3.652379585799724,82,294000.0,-5030.922763797415,-1.711198218978713,8994.214845673527,1.3265803607188094
헷징,2,5,1.25,10,-15,105,384000,14025.137609470941,3.652379585799724,82,367500.0,-4123.6175960977835,-1.122072815264703,9901.520013373158,1.3175675333829884
헷징,2,5,1.25,12,-12,105,384000,14025.137609470941,3.652379585799724,82,367500.0,-4128.553866478714,-1.123416018089446,9896.583742992229,1.3169106777102102
헷징,2,3,0.75,12,-15,105,384000,14025.137609470941,3.652379585799724,113,376500.0,-4148.582807046272,-1.1018812236510684,9876.55480242467,1.2986922817126454
헷징,4,5,1.0,5,-12,105,384000,14025.137609470941,3.652379585799724,53,337000.0,-4670.440253365306,-1.3858873155386662,9354.697356105637,1.2974614918315723
헷징,2,5,1.25,8,-12,105,384000,14025.137609470941,3.652379585799724,82,367500.0,-4293.5137859018505,-1.168303070993701,9731.62382356909,1.2949599232959534
헷징,4,5,0.75,10,-20,105,384000,14025.137609470941,3.652379585799724,52,246000.0,-5900.3322497787285,-2.3985090446254995,8124.805359692213,1.2896516443955892
헷징,2,3,0.5,5,-20,105,384000,14025.137609470941,3.652379585799724,113,251000.0,-5859.097166341234,-2.334301659896906,8166.0404431297075,1.2859906209653083
헷징,3,5,1.25,10,-10,105,384000,14025.137609470941,3.652379585799724,68,411250.0,-3832.0414230971282,-0.9318033855555328,10193.096186373812,1.2817473984751728
헷징,3,5,1.25,10,-12,105,384000,14025.137609470941,3.652379585799724,68,411250.0,-3844.182568565713,-0.9347556397728178,10180.955040905228,1.2802206904627762
헷징,2,3,0.5,8,-20,105,384000,14025.137609470941,3.652379585799724,113,251000.0,-5919.24881181681,-2.3582664588911597,8105.888797654131,1.2765179208904143
헷징,4,3,0.75,10,-20,105,384000,14025.137609470941,3.652379585799724,62,300750.0,-5314.407432166961,-1.767051515267485,8710.73017730398,1.272103713370424
헷징,3,5,0.75,12,-20,105,384000,14025.137609470941,3.652379585799724,68,246750.0,-6022.823326126183,-2.440860517173732,8002.314283344758,1.2686982613309168
헷징,3,3,0.75,10,-15,105,384000,14025.137609470941,3.652379585799724,86,360000.0,-4594.868849195405,-1.2763524581098349,9430.268760275536,1.2675092419725182
헷징,4,3,0.75,8,-20,105,384000,14025.137609470941,3.652379585799724,62,300750.0,-5353.718459947513,-1.7801225136982588,8671.419149523428,1.266362781967642
헷징,3,5,1.0,12,-15,105,384000,14025.137609470941,3.652379585799724,68,329000.0,-5016.279714343658,-1.5247050803476165,9008.857895127283,1.263514431294149
헷징,4,3,1.0,10,-15,105,384000,14025.137609470941,3.652379585799724,62,401000.0,-4116.755090514287,-1.026622217085857,9908.382518956654,1.2622143336250513
헷징,3,3,0.75,10,-20,105,384000,14025.137609470941,3.652379585799724,86,360000.0,-4645.144783260288,-1.29031799535008,9379.992826210653,1.2607517239530448
헷징,4,3,1.0,8,-15,105,384000,14025.137609470941,3.652379585799724,62,401000.0,-4169.1697942216915,-1.0396932155166314,9855.967815249249,1.2555373013056368
헷징,3,3,0.75,5,-10,105,384000,14025.137609470941,3.652379585799724,86,360000.0,-4684.270244449575,-1.301186179013771,9340.867365021366,1.2554929254060976
헷징,3,3,0.75,10,-12,105,384000,14025.137609470941,3.652379585799724,86,360000.0,-4691.844216566384,-1.3032900601573287,9333.293392904558,1.25447491840115
헷징,4,3,1.0,10,-10,105,384000,14025.137609470941,3.652379585799724,62,401000.0,-4199.336179603057,-1.0472160048885428,9825.801429867885,1.2516944496646987
헷징,3,5,1.0,5,-10,105,384000,14025.137609470941,3.652379585799724,69,337000.0,-5006.321114571966,-1.4855552268759544,9018.816494898976,1.250876074188485
헷징,4,5,0.75,8,-15,105,384000,14025.137609470941,3.652379585799724,52,246000.0,-6149.95318709938,-2.4999809703656015,7875.184422371562,1.2500292733923113
헷징,4,3,0.75,5,-20,105,384000,14025.137609470941,3.652379585799724,62,300750.0,-5500.788826548587,-1.8290237162256318,8524.348782922354,1.2448848167831112
헷징,3,3,0.75,5,-12,105,384000,14025.137609470941,3.652379585799724,86,360000.0,-4775.861935775549,-1.326628315493208,9249.275673695392,1.24318221420637
헷징,2,3,0.75,10,-15,105,384000,14025.137609470941,3.652379585799724,113,376500.0,-4588.266057184245,-1.21866296339555,9436.871552286695,1.240877258683326
헷징,4,3,1.25,5,-12,105,384000,14025.137609470941,3.652379585799724,62,501250.0,-3048.988627886764,-0.6082770329948657,10976.148981584178,1.2398925706392745
헷징,4,3,1.25,10,-12,105,384000,14025.137609470941,3.652379585799724,62,501250.0,-3110.0165086974944,-0.6204521713112209,10915.121100773447,1.2329987123155548
헷징,4,3,1.25,8,-12,105,384000,14025.137609470941,3.652379585799724,62,501250.0,-3120.983011838649,-0.6226400023618253,10904.154597632292,1.231759909362586
헷징,4,3,1.0,5,-15,105,384000,14025.137609470941,3.652379585799724,62,401000.0,-4365.263616356452,-1.088594418044003,9659.873993114488,1.230557196575094
헷징,4,5,1.0,10,-12,105,384000,14025.137609470941,3.652379585799724,52,328000.0,-5272.310684293237,-1.6074117939918406,8752.826925177706,1.2293296243227114
헷징,2,3,0.75,5,-12,105,384000,14025.137609470941,3.652379585799724,113,376500.0,-4680.876839171385,-1.2432607806564104,9344.260770299556,1.2286996410650304
헷징,4,5,0.75,5,-10,105,384000,14025.137609470941,3.652379585799724,53,252750.0,-6212.4550444743445,-2.457944626893905,7812.682564996597,1.2269623188059045
헷징,3,5,1.25,8,-10,105,384000,14025.137609470941,3.652379585799724,69,421250.0,-4152.671527162758,-0.9857973951721681,9872.466082308183,1.2260125529100507
헷징,4,3,0.75,12,-10,105,384000,14025.137609470941,3.652379585799724,62,300750.0,-5712.427724392632,-1.8993940895736097,8312.70988507831,1.213977347218446
헷징,4,3,0.75,12,-15,105,384000,14025.137609470941,3.652379585799724,62,300750.0,-5748.4703668769225,-1.911378343101221,8276.66724259402,1.2087137265562642
헷징,2,3,0.75,8,-12,105,384000,14025.137609470941,3.652379585799724,113,376500.0,-4915.040232111018,-1.3054555729378534,9110.097377359923,1.1979089253596218
헷징,3,3,0.75,5,-20,105,384000,14025.137609470941,3.652379585799724,86,360000.0,-5150.310721827983,-1.4306418671744399,8874.826887642957,1.1928530762960965
헷징,3,3,0.75,12,-20,105,384000,14025.137609470941,3.652379585799724,86,360000.0,-5163.510299389495,-1.434308416497082,8861.627310081447,1.1910789395270762
헷징,4,3,1.0,8,-10,105,384000,14025.137609470941,3.652379585799724,62,401000.0,-4676.817297857441,-1.166288602956968,9348.320311613501,1.1908688295049046
헷징,3,5,1.25,8,-12,105,384000,14025.137609470941,3.652379585799724,69,421250.0,-4472.989653049574,-1.0618373063619169,9552.147956421366,1.186233835010415
헷징,2,5,1.0,8,-20,105,384000,14025.137609470941,3.652379585799724,82,294000.0,-5984.106746585043,-2.0354104580221235,8041.030862885898,1.185992752638038
헷징,2,5,1.0,12,-20,105,384000,14025.137609470941,3.652379585799724,82,294000.0,-5987.864819480697,-2.0366887141090806,8037.272789990244,1.1854384646003309
헷징,2,3,0.75,12,-10,105,384000,14025.137609470941,3.652379585799724,113,376500.0,-5047.282801149285,-1.34057976126143,8977.854808321656,1.1805200273927225
헷징,4,5,0.75,8,-20,105,384000,14025.137609470941,3.652379585799724,52,246000.0,-6589.350358624068,-2.6785977067577513,7435.787250846874,1.1802836906106149
헷징,4,5,0.75,5,-20,105,384000,14025.137609470941,3.652379585799724,53,252750.0,-6576.660552478645,-2.602041761613707,7448.477056992297,1.1697647517852057
헷징,3,5,0.75,10,-20,105,384000,14025.137609470941,3.652379585799724,68,246750.0,-6676.520639881133,-2.7057834406813104,7348.616969589808,1.165060161647215
헷징,2,3,1.0,12,-12,105,384000,14025.137609470941,3.652379585799724,113,502000.0,-3743.383628955318,-0.7456939499910992,10281.753980515623,1.1604688465593254
헷징,2,5,1.25,8,-15,105,384000,14025.137609470941,3.652379585799724,82,367500.0,-5315.097574582317,-1.4462850543081136,8710.040034888625,1.1590206300583665
헷징,3,3,0.75,12,-12,105,384000,14025.137609470941,3.652379585799724,86,360000.0,-5413.108299112498,-1.503641194197916,8612.029310358444,1.157530821284737
헷징,3,3,0.75,8,-15,105,384000,14025.137609470941,3.652379585799724,86,360000.0,-5449.66521514694,-1.5137958930963722,8575.472394324002,1.1526172573016131
헷징,3,3,0.75,12,-15,105,384000,14025.137609470941,3.652379585799724,86,360000.0,-5451.132931741519,-1.514203592150422,8574.004677729423,1.1524199835657827
헷징,2,3,0.75,10,-10,105,384000,14025.137609470941,3.652379585799724,113,376500.0,-5322.364088540706,-1.4136425201967346,8702.773520930235,1.1443489179395443
헷징,4,5,1.0,8,-12,105,384000,14025.137609470941,3.652379585799724,52,328000.0,-5887.359994892538,-1.7949268277111396,8137.777614578403,1.14294629418236
헷징,3,3,0.75,8,-20,105,384000,14025.137609470941,3.652379585799724,86,360000.0,-5522.441149211822,-1.5340114303366172,8502.696460259118,1.1428355457337522
헷징,3,5,1.0,10,-15,105,384000,14025.137609470941,3.652379585799724,68,329000.0,-5887.876132683593,-1.7896280038551953,8137.261476787348,1.141270894360077
헷징,3,3,0.75,10,-10,105,384000,14025.137609470941,3.652379585799724,86,360000.0,-5595.42372038366,-1.554284366773239,8429.713889087281,1.1330260603611937
헷징,3,3,0.75,8,-12,105,384000,14025.137609470941,3.652379585799724,86,360000.0,-5614.140582517919,-1.5594834951438663,8410.997026953022,1.1305103530850835
헷징,4,5,0.75,12,-15,105,384000,14025.137609470941,3.652379585799724,52,246000.0,-6922.22665525241,-2.8139132744928497,7102.9109542185315,1.1274461832092908
헷징,3,5,0.75,8,-20,105,384000,14025.137609470941,3.652379585799724,69,252750.0,-6873.804890571453,-2.7196062870708024,7151.332718899488,1.1230989743069475
헷징,2,5,1.25,12,-15,105,384000,14025.137609470941,3.652379585799724,82,367500.0,-5611.915028265895,-1.527051708371672,8413.222581205046,1.1195239629015363
헷징,3,5,0.75,5,-15,105,384000,14025.137609470941,3.652379585799724,69,252750.0,-6899.109872147831,-2.7296181492177376,7126.02773732311,1.119124890038965
헷징,4,5,0.75,12,-20,105,384000,14025.137609470941,3.652379585799724,52,246000.0,-7011.225569514728,-2.8500916949246857,7013.912039956213,1.1133193714216212
헷징,4,3,1.25,5,-10,105,384000,14025.137609470941,3.652379585799724,62,501250.0,-4224.02723836992,-0.8426987009216798,9801.110371101022,1.107157342118161
헷징,2,3,1.0,10,-12,105,384000,14025.137609470941,3.652379585799724,113,502000.0,-4229.627962472616,-0.8425553710104813,9795.509646998325,1.105587996275206
헷징,2,3,0.75,5,-10,105,384000,14025.137609470941,3.652379585799724,113,376500.0,-5638.306022515125,-1.4975580405086653,8386.831586955817,1.102804942400502
헷징,3,5,1.0,8,-15,105,384000,14025.137609470941,3.652379585799724,69,337000.0,-6300.921800270684,-1.869709733018007,7724.215809200257,1.071319807101284
헷징,4,3,1.0,12,-12,105,384000,14025.137609470941,3.652379585799724,62,401000.0,-5705.885272279611,-1.4229140329874341,8319.25233719133,1.059777367795074
헷징,3,3,0.75,8,-10,105,384000,14025.137609470941,3.652379585799724,86,360000.0,-6227.813898084256,-1.7299483050234044,7797.323711386685,1.0480273805627265
헷징,4,5,1.0,5,-15,105,384000,14025.137609470941,3.652379585799724,53,337000.0,-6563.017841271948,-1.9474830389531004,7462.119768198993,1.0349680677113722
헷징,3,5,1.0,5,-12,105,384000,14025.137609470941,3.652379585799724,69,337000.0,-6566.283085032746,-1.948451954015652,7458.854524438195,1.0345151906294305
헷징,2,5,1.25,10,-20,105,384000,14025.137609470941,3.652379585799724,82,367500.0,-6288.653454746772,-1.7111982189787136,7736.4841547241695,1.0294722760777337
헷징,3,3,0.75,12,-10,105,384000,14025.137609470941,3.652379585799724,86,360000.0,-6387.699748438531,-1.7743610412329254,7637.43786103241,1.0265373469129584
헷징,4,5,1.25,5,-12,105,384000,14025.137609470941,3.652379585799724,53,421250.0,-5838.050316706629,-1.3858873155386655,8187.087292764312,1.0167137277571328
헷징,2,3,0.75,8,-15,105,384000,14025.137609470941,3.652379585799724,113,376500.0,-6319.470679910449,-1.678478268236507,7705.6669295604925,1.0132369401131482
헷징,3,3,1.0,5,-15,105,384000,14025.137609470941,3.652379585799724,86,480000.0,-5300.046383684135,-1.104176329934195,8725.091225786806,1.0098485215031026
헷징,4,3,1.25,10,-15,105,384000,14025.137609470941,3.652379585799724,62,501250.0,-5145.9438631428575,-1.026622217085857,8879.193746328085,1.00301539071766
헷징,2,3,0.75,5,-15,105,384000,14025.137609470941,3.652379585799724,113,376500.0,-6411.819320801928,-1.7030064597083474,7613.318288669013,1.0010937920669312
헷징,4,3,1.25,8,-15,105,384000,14025.137609470941,3.652379585799724,62,501250.0,-5211.462242777114,-1.0396932155166312,8813.675366693828,0.9956142746900681
헷징,4,3,1.25,10,-10,105,384000,14025.137609470941,3.652379585799724,62,501250.0,-5249.17022450382,-1.0472160048885426,8775.967384967122,0.9913546890671698
헷징,4,5,1.0,12,-12,105,384000,14025.137609470941,3.652379585799724,52,328000.0,-7000.699453624395,-2.1343595895196326,7024.438155846547,0.9865783926750767
헷징,3,5,1.25,12,-15,105,384000,14025.137609470941,3.652379585799724,68,411250.0,-6270.349642929578,-1.5247050803476179,7754.787966541363,0.9751383799486153
헷징,4,3,1.25,5,-15,105,384000,14025.137609470941,3.652379585799724,62,501250.0,-5456.579520445568,-1.0885944180440037,8568.558089025373,0.9679252289212509
헷징,3,5,1.25,5,-10,105,384000,14025.137609470941,3.652379585799724,69,421250.0,-6257.901393214958,-1.4855552268759544,7767.236216255983,0.9645745068309199
헷징,2,3,0.75,12,-20,105,384000,14025.137609470941,3.652379585799724,113,376500.0,-6707.985344861037,-1.7816694143057206,7317.152264609904,0.9621501991597506
헷징,2,3,1.0,12,-15,105,384000,14025.137609470941,3.652379585799724,113,502000.0,-5531.443742728359,-1.1018812236510676,8493.693866742582,0.958656192634603
헷징,4,5,0.75,10,-10,105,384000,14025.137609470941,3.652379585799724,52,246000.0,-8063.657025588069,-3.27790935999515,5961.480583882872,0.9462667593464877
헷징,4,5,1.25,10,-12,105,384000,14025.137609470941,3.652379585799724,52,410000.0,-6590.388355366542,-1.6074117939918395,7434.749254104399,0.9363664047990427
헷징,2,3,0.75,8,-10,105,384000,14025.137609470941,3.652379585799724,113,376500.0,-6945.183348797259,-1.8446702121639464,7079.954260673682,0.9309604550524236
헷징,2,3,1.25,12,-12,105,384000,14025.137609470941,3.652379585799724,113,627500.0,-4679.229536194145,-0.7456939499910988,9345.908073276796,0.9239652074420954
헷징,4,3,1.25,8,-10,105,384000,14025.137609470941,3.652379585799724,62,501250.0,-5846.021622321799,-1.1662886029569675,8179.115987149142,0.9239328988589824
헷징,4,5,1.0,10,-15,105,384000,14025.137609470941,3.652379585799724,52,328000.0,-7461.246771005388,-2.274770357013838,6563.890838465553,0.9218947806833642
헷징,4,3,0.75,12,-20,105,384000,14025.137609470941,3.652379585799724,62,300750.0,-7719.64130635739,-2.5667967768436872,6305.496303113551,0.9208464845729905
헷징,3,3,1.0,10,-15,105,384000,14025.137609470941,3.652379585799724,86,480000.0,-6126.491798927204,-1.2763524581098342,7898.645810543737,0.9141951169610807
헷징,3,3,1.0,10,-20,105,384000,14025.137609470941,3.652379585799724,86,480000.0,-6193.526377680375,-1.290317995350078,7831.611231790566,0.9064364851609451
헷징,2,3,0.75,10,-20,105,384000,14025.137609470941,3.652379585799724,113,376500.0,-7147.6685949990115,-1.8984511540502025,6877.46901447193,0.9043351761304312
헷징,3,3,1.0,5,-10,105,384000,14025.137609470941,3.652379585799724,86,480000.0,-6245.693659266101,-1.301186179013771,7779.44395020484,0.9003986053477823
헷징,3,3,1.0,10,-12,105,384000,14025.137609470941,3.652379585799724,86,480000.0,-6255.792288755181,-1.3032900601573294,7769.34532071576,0.89922978249025
헷징,2,3,1.0,10,-15,105,384000,14025.137609470941,3.652379585799724,113,502000.0,-6117.68807624566,-1.21866296339555,7907.449533225281,0.8924886606349075
헷징,3,3,1.0,5,-12,105,384000,14025.137609470941,3.652379585799724,86,480000.0,-6367.815914367397,-1.3266283154932077,7657.321695103544,0.8862640850814287
헷징,4,3,1.0,10,-20,105,384000,14025.137609470941,3.652379585799724,62,401000.0,-7085.876576222612,-1.7670515152674842,6939.261033248329,0.8839822972290865
헷징,2,3,1.0,5,-12,105,384000,14025.137609470941,3.652379585799724,113,502000.0,-6241.16911889518,-1.2432607806564104,7783.968490575761,0.878551748371982
헷징,4,3,1.0,8,-20,105,384000,14025.137609470941,3.652379585799724,62,401000.0,-7138.291279930021,-1.7801225136982595,6886.84632954092,0.8773052649096714
헷징,2,5,1.25,8,-20,105,384000,14025.137609470941,3.652379585799724,82,367500.0,-7480.133433231304,-2.0354104580221235,6545.004176239638,0.8709253727531121
헷징,2,5,1.25,12,-20,105,384000,14025.137609470941,3.652379585799724,82,367500.0,-7484.8310243508695,-2.03668871410908,6540.306585120072,0.8703002774610873
헷징,4,5,1.0,10,-20,105,384000,14025.137609470941,3.652379585799724,52,328000.0,-7867.10966637164,-2.3985090446255,6158.027943099301,0.8648915650420367
헷징,2,3,1.25,10,-12,105,384000,14025.137609470941,3.652379585799724,113,627500.0,-5287.034953090768,-0.8425553710104808,8738.102656380173,0.8638756951438629
헷징,4,3,1.0,5,-20,105,384000,14025.137609470941,3.652379585799724,62,401000.0,-7334.3851020647835,-1.8290237162256318,6690.752507406158,0.8523251601791284
헷징,2,3,1.0,8,-12,105,384000,14025.137609470941,3.652379585799724,113,502000.0,-6553.386976148024,-1.3054555729378534,7471.750633322918,0.8433127125646634
헷징,3,5,1.0,12,-20,105,384000,14025.137609470941,3.652379585799724,68,329000.0,-8030.4311015015755,-2.440860517173731,5994.706507969366,0.8407723012579755
헷징,4,5,1.25,8,-12,105,384000,14025.137609470941,3.652379585799724,52,410000.0,-7359.199993615668,-1.7949268277111388,6665.937615855273,0.8395387425510419
헷징,3,5,1.25,10,-15,105,384000,14025.137609470941,3.652379585799724,68,411250.0,-7359.845165854492,-1.7896280038551957,6665.292443616449,0.8381379998260232
헷징,3,3,1.0,5,-20,105,384000,14025.137609470941,3.652379585799724,86,480000.0,-6867.080962437307,-1.430641867174439,7158.056647033634,0.8284787785918558
헷징,3,3,1.0,12,-20,105,384000,14025.137609470941,3.652379585799724,86,480000.0,-6884.680399185985,-1.43430841649708,7140.457210284956,0.826441806745944
헷징,2,3,1.0,12,-10,105,384000,14025.137609470941,3.652379585799724,113,502000.0,-6729.710401532379,-1.34057976126143,7295.427207938562,0.8234116487515307
헷징,4,5,0.75,8,-10,105,384000,14025.137609470941,3.652379585799724,52,246000.0,-8858.657025588067,-3.601080091702466,5166.480583882874,0.8200762831560118
헷징,4,5,1.0,8,-15,105,384000,14025.137609470941,3.652379585799724,52,328000.0,-8199.937582799173,-2.4999809703656015,5825.200026671768,0.8181460711617652
헷징,4,3,1.0,12,-10,105,384000,14025.137609470941,3.652379585799724,62,401000.0,-7616.570299190179,-1.8993940895736108,6408.567310280762,0.8163780013096512
헷징,4,3,1.0,12,-15,105,384000,14025.137609470941,3.652379585799724,62,401000.0,-7664.627155835897,-1.911378343101221,6360.5104536350445,0.8102561087433178
헷징,3,5,0.75,5,-20,105,384000,14025.137609470941,3.652379585799724,69,252750.0,-8934.72341251627,-3.5350043175138555,5090.414196954671,0.7994368585716012
헷징,4,5,1.0,5,-10,105,384000,14025.137609470941,3.652379585799724,53,337000.0,-8283.273392632458,-2.4579446268939047,5741.864216838483,0.7963750647487494
헷징,3,3,1.0,12,-12,105,384000,14025.137609470941,3.652379585799724,86,480000.0,-7217.477732149999,-1.5036411941979164,6807.6598773209425,0.7879235969121462
헷징,3,3,1.0,8,-15,105,384000,14025.137609470941,3.652379585799724,86,480000.0,-7266.220286862585,-1.513795893096372,6758.917322608356,0.7822820975241153
헷징,3,3,1.0,12,-15,105,384000,14025.137609470941,3.652379585799724,86,480000.0,-7268.177242322022,-1.514203592150421,6756.960367148919,0.7820555980496434
헷징,2,3,1.0,10,-10,105,384000,14025.137609470941,3.652379585799724,113,502000.0,-7096.485451387608,-1.4136425201967346,6928.652158083333,0.7820149162622272
헷징,4,3,1.25,12,-12,105,384000,14025.137609470941,3.652379585799724,62,501250.0,-7132.356590349511,-1.4229140329874335,6892.78101912143,0.7786253622277809
헷징,3,3,1.0,8,-20,105,384000,14025.137609470941,3.652379585799724,86,480000.0,-7363.2548656157505,-1.5340114303366146,6661.882743855191,0.7710512435017582
헷징,3,5,1.25,8,-15,105,384000,14025.137609470941,3.652379585799724,69,421250.0,-7876.152250338354,-1.869709733018007,6148.985359132587,0.7636119663623206
헷징,3,3,1.0,10,-10,105,384000,14025.137609470941,3.652379585799724,86,480000.0,-7460.564960511543,-1.5542843667732382,6564.572648959398,0.7597885010369674
헷징,3,3,1.0,8,-12,105,384000,14025.137609470941,3.652379585799724,86,480000.0,-7485.5207766905605,-1.5594834951438667,6539.616832780381,0.7569000963866181
헷징,3,3,1.25,5,-15,105,384000,14025.137609470941,3.652379585799724,86,600000.0,-6625.05797960517,-1.104176329934195,7400.0796298657715,0.7520406127912369
헷징,4,5,1.0,8,-20,105,384000,14025.137609470941,3.652379585799724,52,328000.0,-8785.80047816542,-2.67859770675775,5239.337131305521,0.735861956644034
헷징,2,3,1.0,5,-10,105,384000,14025.137609470941,3.652379585799724,113,502000.0,-7517.7413633535025,-1.497558040508666,6507.396246117439,0.7344691022705913
헷징,4,5,1.0,5,-20,105,384000,14025.137609470941,3.652379585799724,53,337000.0,-8768.880736638193,-2.602041761613707,5256.256872832748,0.7290231446369969
헷징,4,5,1.25,5,-15,105,384000,14025.137609470941,3.652379585799724,53,421250.0,-8203.77230158993,-1.9474830389530993,5821.365307881011,0.7229264586005603
헷징,3,5,1.25,5,-12,105,384000,14025.137609470941,3.652379585799724,69,421250.0,-8207.853856290934,-1.9484519540156522,5817.283753180007,0.7224195905842915
헷징,4,5,0.75,12,-10,105,384000,14025.137609470941,3.652379585799724,52,246000.0,-9490.96054809519,-3.858114043941134,4534.177061375751,0.7197106446628176
헷징,3,5,1.0,10,-20,105,384000,14025.137609470941,3.652379585799724,68,329000.0,-8902.027519841507,-2.7057834406813095,5123.110089629434,0.7185287643239038
헷징,2,3,1.25,12,-15,105,384000,14025.137609470941,3.652379585799724,113,627500.0,-6914.304678410448,-1.1018812236510676,7110.832931060493,0.7029988068275327
헷징,2,3,0.75,5,-20,105,384000,14025.137609470941,3.652379585799724,113,376500.0,-8788.645749511847,-2.334301659896905,5236.491859959095,0.6885590874370933
헷징,2,3,0.75,8,-20,105,384000,14025.137609470941,3.652379585799724,113,376500.0,-8878.873217725215,-2.3582664588911593,5146.264391745726,0.6766948575602533
헷징,3,5,1.0,8,-20,105,384000,14025.137609470941,3.652379585799724,69,337000.0,-9165.0731874286,-2.719606287070801,4860.064422042342,0.6740727353734177
헷징,4,5,1.0,12,-15,105,384000,14025.137609470941,3.652379585799724,52,328000.0,-9229.635540336547,-2.8139132744928497,4795.502069134394,0.6735255715076396
헷징,3,5,1.0,5,-15,105,384000,14025.137609470941,3.652379585799724,69,337000.0,-9198.813162863771,-2.7296181492177363,4826.32444660717,0.669393127129982
헷징,4,5,1.25,12,-12,105,384000,14025.137609470941,3.652379585799724,52,410000.0,-8750.874317030492,-2.134359589519632,5274.26329244045,0.6642648982922481
헷징,3,3,1.0,8,-10,105,384000,14025.137609470941,3.652379585799724,86,480000.0,-8303.751864112337,-1.7299483050234037,5721.385745358604,0.6621974242313199
헷징,4,5,1.0,12,-20,105,384000,14025.137609470941,3.652379585799724,52,328000.0,-9348.300759352966,-2.8500916949246844,4676.836850117976,0.656859108162637
헷징,3,3,1.25,10,-15,105,384000,14025.137609470941,3.652379585799724,86,600000.0,-7658.114748659003,-1.276352458109834,6367.022860811938,0.647055168781701
헷징,3,3,1.25,10,-20,105,384000,14025.137609470941,3.652379585799724,86,600000.0,-7741.907972100475,-1.2903179953500792,6283.229637370467,0.6385395972937467
헷징,3,3,1.0,12,-10,105,384000,14025.137609470941,3.652379585799724,86,480000.0,-8516.932997918038,-1.7743610412329247,5508.204611552903,0.637523681892697
헷징,2,3,1.0,8,-15,105,384000,14025.137609470941,3.652379585799724,113,502000.0,-8425.960906547267,-1.6784782682365071,5599.176702923674,0.6319612531516562
헷징,3,3,1.25,5,-10,105,384000,14025.137609470941,3.652379585799724,86,600000.0,-7807.117074082627,-1.301186179013771,6218.020535388314,0.6319126560353977
헷징,3,3,1.25,10,-12,105,384000,14025.137609470941,3.652379585799724,86,600000.0,-7819.740360943975,-1.3032900601573292,6205.397248526966,0.6306298016795697
헷징,2,3,1.25,10,-15,105,384000,14025.137609470941,3.652379585799724,113,627500.0,-7647.110095307071,-1.2186629633955492,6378.02751416387,0.6305514101990973
헷징,2,3,1.0,5,-15,105,384000,14025.137609470941,3.652379585799724,113,502000.0,-8549.092427735903,-1.703006459708347,5476.045181735039,0.6180637902635484
헷징,3,3,1.25,5,-12,105,384000,14025.137609470941,3.652379585799724,86,600000.0,-7959.769892959248,-1.326628315493208,6065.367716511693,0.6163991581820827
헷징,2,3,1.25,5,-12,105,384000,14025.137609470941,3.652379585799724,113,627500.0,-7801.461398618972,-1.24326078065641,6223.676210851969,0.6152917657787413
헷징,4,5,1.25,10,-15,105,384000,14025.137609470941,3.652379585799724,52,410000.0,-9326.558463756734,-2.2747703570138373,4698.579145714208,0.5917605976970035
헷징,4,3,1.25,10,-20,105,384000,14025.137609470941,3.652379585799724,62,501250.0,-8857.34572027827,-1.7670515152674853,5167.791889192671,0.5837663811570372
헷징,2,3,1.25,8,-12,105,384000,14025.137609470941,3.652379585799724,113,627500.0,-8191.733720185027,-1.305455572937853,5833.403889285914,0.5767082441211977
헷징,4,3,1.25,8,-20,105,384000,14025.137609470941,3.652379585799724,62,501250.0,-8922.864099912525,-1.7801225136982595,5102.273509558416,0.5763652651294454
헷징,2,3,1.0,12,-20,105,384000,14025.137609470941,3.652379585799724,113,502000.0,-8943.98045981472,-1.7816694143057212,5081.157149656221,0.573494034949912
헷징,2,3,1.25,12,-10,105,384000,14025.137609470941,3.652379585799724,113,627500.0,-8412.138001915475,-1.34057976126143,5612.999607555466,0.5549183991651474
헷징,3,3,1.25,5,-20,105,384000,14025.137609470941,3.652379585799724,86,600000.0,-8583.851203046635,-1.4306418671744392,5441.286406424306,0.5529762608154782
헷징,3,3,1.25,12,-20,105,384000,14025.137609470941,3.652379585799724,86,600000.0,-8605.850498982485,-1.434308416497081,5419.287110488456,0.5507405600089894
헷징,4,3,1.25,5,-20,105,384000,14025.137609470941,3.652379585799724,62,501250.0,-9167.98137758098,-1.829023716225632,4857.156231889961,0.5486762193606282
헷징,2,3,1.0,8,-10,105,384000,14025.137609470941,3.652379585799724,113,502000.0,-9260.244465063017,-1.8446702121639476,4764.893144407924,0.5377983232966055
헷징,4,5,1.25,10,-20,105,384000,14025.137609470941,3.652379585799724,52,410000.0,-9833.887082964548,-2.3985090446254995,4191.250526506394,0.5278653056053393
헷징,2,3,1.25,10,-10,105,384000,14025.137609470941,3.652379585799724,113,627500.0,-8870.606814234508,-1.4136425201967344,5154.530795236433,0.5095927627519954
헷징,4,3,1.25,12,-10,105,384000,14025.137609470941,3.652379585799724,62,501250.0,-9520.712873987719,-1.8993940895736097,4504.424735483222,0.5088308088656562
헷징,3,3,1.25,12,-12,105,384000,14025.137609470941,3.652379585799724,86,600000.0,-9021.847165187502,-1.503641194197917,5003.290444283439,0.5084644760450648
헷징,2,3,1.0,10,-20,105,384000,14025.137609470941,3.652379585799724,113,502000.0,-9530.224793332016,-1.8984511540502025,4494.912816138925,0.5073265029502173
헷징,3,3,1.25,8,-15,105,384000,14025.137609470941,3.652379585799724,86,600000.0,-9082.77535857823,-1.5137958930963717,4942.362250892711,0.5022725864728365
헷징,4,3,1.25,12,-15,105,384000,14025.137609470941,3.652379585799724,62,501250.0,-9580.783944794868,-1.9113783431012208,4444.353664676073,0.5020450341345465
헷징,3,3,1.25,12,-15,105,384000,14025.137609470941,3.652379585799724,86,600000.0,-9085.221552902527,-1.514203592150421,4939.916056568414,0.50202398948866
헷징,3,5,1.25,12,-20,105,384000,14025.137609470941,3.652379585799724,68,411250.0,-10038.038876876966,-2.4408605171737303,3987.098732593975,0.5013641914610468
헷징,3,3,1.25,8,-20,105,384000,14025.137609470941,3.652379585799724,86,600000.0,-9204.068582019696,-1.5340114303366161,4821.069027451245,0.48994603937512654
헷징,3,3,1.25,10,-10,105,384000,14025.137609470941,3.652379585799724,86,600000.0,-9325.706200639434,-1.554284366773239,4699.431408831508,0.47758449276742965
헷징,4,5,1.25,8,-15,105,384000,14025.137609470941,3.652379585799724,52,410000.0,-10249.921978498964,-2.499980970365601,3775.2156309719776,0.4754679635984858
헷징,4,3,1.0,12,-20,105,384000,14025.137609470941,3.652379585799724,62,401000.0,-10292.855075143187,-2.5667967768436872,3732.2825343277545,0.4754500043729623
헷징,3,3,1.25,8,-12,105,384000,14025.137609470941,3.652379585799724,86,600000.0,-9356.900970863195,-1.5594834951438656,4668.2366386077465,0.4744142925414377
헷징,4,5,1.0,10,-10,105,384000,14025.137609470941,3.652379585799724,52,328000.0,-10751.54270078409,-3.2779093599951494,3273.5949086868513,0.459774565826805
헷징,2,3,1.25,5,-10,105,384000,14025.137609470941,3.652379585799724,113,627500.0,-9397.176704191877,-1.4975580405086657,4627.960905279064,0.4575344444171096
헷징,4,5,1.25,5,-10,105,384000,14025.137609470941,3.652379585799724,53,421250.0,-10354.091740790574,-2.457944626893905,3671.0458686803668,0.45588896227014797
헷징,4,5,1.25,8,-20,105,384000,14025.137609470941,3.652379585799724,52,410000.0,-10982.25059770678,-2.6785977067577513,3042.887011764162,0.3832351400206753
헷징,4,5,1.25,5,-20,105,384000,14025.137609470941,3.652379585799724,53,421250.0,-10961.100920797742,-2.602041761613707,3064.036688673199,0.38050750557878904
헷징,3,3,1.25,8,-10,105,384000,14025.137609470941,3.652379585799724,86,600000.0,-10379.689830140424,-1.729948305023404,3645.4477793305177,0.37047233529781687
헷징,3,5,1.25,10,-20,105,384000,14025.137609470941,3.652379585799724,68,411250.0,-11127.534399801883,-2.705783440681309,2897.603209669058,0.3643638113384543
헷징,2,3,1.25,8,-15,105,384000,14025.137609470941,3.652379585799724,113,627500.0,-10532.451133184079,-1.6784782682365065,3492.6864762868627,0.34529772380492957
헷징,3,3,1.25,12,-10,105,384000,14025.137609470941,3.652379585799724,86,600000.0,-10646.166247397552,-1.7743610412329254,3378.971362073389,0.34339139858469403
헷징,2,3,1.25,5,-15,105,384000,14025.137609470941,3.652379585799724,113,627500.0,-10686.365534669878,-1.703006459708347,3338.7720748010634,0.3300812728424185
헷징,3,5,1.25,8,-20,105,384000,14025.137609470941,3.652379585799724,69,421250.0,-11456.341484285747,-2.7196062870708007,2568.796125185194,0.31900603852035936
헷징,3,5,1.25,5,-15,105,384000,14025.137609470941,3.652379585799724,69,421250.0,-11498.516453579718,-2.729618149217737,2526.6211558912237,0.31376853845280644
헷징,4,5,1.25,12,-15,105,384000,14025.137609470941,3.652379585799724,52,410000.0,-11537.044425420685,-2.81391327449285,2488.0931840502562,0.313361861971065
헷징,4,5,1.0,8,-10,105,384000,14025.137609470941,3.652379585799724,52,328000.0,-11811.54270078409,-3.6010800917024666,2213.5949086868513,0.31089816133242293
헷징,4,5,1.25,12,-20,105,384000,14025.137609470941,3.652379585799724,52,410000.0,-11685.37594919121,-2.8500916949246853,2339.7616602797316,0.29468030985890825
헷징,3,5,1.0,5,-20,105,384000,14025.137609470941,3.652379585799724,69,337000.0,-11912.964550021692,-3.5350043175138555,2112.173059449249,0.29295049368228143
헷징,2,3,1.25,12,-20,105,384000,14025.137609470941,3.652379585799724,113,627500.0,-11179.975574768394,-1.7816694143057203,2845.1620347025473,0.2812814666043052
헷징,2,3,1.0,5,-20,105,384000,14025.137609470941,3.652379585799724,113,502000.0,-11718.194332682468,-2.334301659896906,2306.9432767884737,0.2603773450099857
헷징,2,3,1.0,8,-20,105,384000,14025.137609470941,3.652379585799724,113,502000.0,-11838.49762363362,-2.3582664588911597,2186.6399858373206,0.2467990954669662
헷징,2,3,1.25,8,-10,105,384000,14025.137609470941,3.652379585799724,113,627500.0,-11575.305581328765,-1.8446702121639464,2449.8320281421766,0.24219792665765463
헷징,2,3,1.25,10,-20,105,384000,14025.137609470941,3.652379585799724,113,627500.0,-11912.780991665017,-1.8984511540502018,2112.3566178059245,0.20883406997586995
헷징,4,5,1.0,12,-10,105,384000,14025.137609470941,3.652379585799724,52,328000.0,-12654.614064126923,-3.8581140439411348,1370.5235453440182,0.19248926198651942
헷징,4,3,1.25,12,-20,105,384000,14025.137609470941,3.652379585799724,62,501250.0,-12866.06884392898,-2.566796776843687,1159.0687655419606,0.13093123587031466
헷징,4,5,1.25,10,-10,105,384000,14025.137609470941,3.652379585799724,52,410000.0,-13439.428375980113,-3.2779093599951494,585.7092334908284,0.07376690598121265
헷징,2,3,1.25,5,-20,105,384000,14025.137609470941,3.652379585799724,113,627500.0,-14647.742915853081,-2.334301659896905,-622.60530638214,-0.06155267487712704
헷징,2,3,1.25,8,-20,105,384000,14025.137609470941,3.652379585799724,113,627500.0,-14798.122029542026,-2.3582664588911597,-772.984420071085,-0.07641961641829807
헷징,4,5,1.25,8,-10,105,384000,14025.137609470941,3.652379585799724,52,410000.0,-14764.428375980116,-3.6010800917024675,-739.2907665091752,-0.0931096683260926
헷징,3,5,1.25,5,-20,105,384000,14025.137609470941,3.652379585799724,69,421250.0,-14891.205687527112,-3.5350043175138546,-866.0680780561706,-0.10755269519480543
헷징,4,5,1.25,12,-10,105,384000,14025.137609470941,3.652379585799724,52,410000.0,-15818.267580158656,-3.8581140439411357,-1793.1299706877144,-0.2258350089027348
